ReportDate,RegionID,RegionDescription,TotalTests,PositiveTests,TestPositivity_RollingAvg,MedSurgAvailPct_Avg,ICUAvailPct_Avg,CLIAdmissions_RollingAvg,COVIDHospitalBedsInUse
6/13/20 0:00,11,Chicago,5486,329,7.2,34.00%,41.00%,22,816
6/14/20 0:00,11,Chicago,4664,305,6.8,36.00%,42.00%,28,784
6/15/20 0:00,11,Chicago,4487,236,6.3,37.00%,44.00%,35,748
6/16/20 0:00,11,Chicago,5943,334,6.2,36.00%,44.00%,41,719
6/17/20 0:00,11,Chicago,4870,233,5.8,34.00%,42.00%,41,695
6/18/20 0:00,11,Chicago,5108,299,5.8,32.00%,41.00%,42,673
6/19/20 0:00,11,Chicago,5107,316,5.8,31.00%,40.00%,43,653
6/20/20 0:00,11,Chicago,5959,288,5.6,31.00%,41.00%,41,645
6/21/20 0:00,11,Chicago,3978,144,5.2,34.00%,40.00%,38,630
6/22/20 0:00,11,Chicago,4426,206,5.1,35.00%,42.00%,36,621
6/23/20 0:00,11,Chicago,5331,212,4.9,34.00%,42.00%,35,611
6/24/20 0:00,11,Chicago,6571,301,4.8,32.00%,42.00%,35,597
6/25/20 0:00,11,Chicago,6933,347,4.7,31.00%,42.00%,33,579
6/26/20 0:00,11,Chicago,7307,396,4.7,31.00%,43.00%,31,569
6/27/20 0:00,11,Chicago,6716,327,4.7,32.00%,44.00%,31,554
6/28/20 0:00,11,Chicago,6672,241,4.6,34.00%,44.00%,32,544
6/29/20 0:00,11,Chicago,6183,312,4.7,36.00%,45.00%,31,530
6/30/20 0:00,11,Chicago,7151,304,4.7,35.00%,45.00%,31,512
7/1/20 0:00,11,Chicago,6601,266,4.6,33.00%,44.00%,29,523
7/2/20 0:00,11,Chicago,7870,350,4.5,31.00%,41.00%,30,513
7/3/20 0:00,11,Chicago,9385,431,4.4,32.00%,41.00%,32,503
7/4/20 0:00,11,Chicago,7220,334,4.4,34.00%,42.00%,30,494
7/5/20 0:00,11,Chicago,5332,236,4.5,36.00%,43.00%,30,492
7/6/20 0:00,11,Chicago,5227,171,4.3,37.00%,43.00%,28,479
7/7/20 0:00,11,Chicago,6641,206,4.1,36.00%,41.00%,27,481
7/8/20 0:00,11,Chicago,7705,305,4.1,33.00%,39.00%,27,457
7/9/20 0:00,11,Chicago,7820,333,4.1,31.00%,37.00%,26,459
7/10/20 0:00,11,Chicago,8672,388,4.1,30.00%,38.00%,25,458
7/11/20 0:00,11,Chicago,9036,374,4,30.00%,39.00%,25,458
7/12/20 0:00,11,Chicago,8147,301,3.9,31.00%,40.00%,25,453
7/13/20 0:00,11,Chicago,5127,199,4,33.00%,40.00%,27,456
7/14/20 0:00,11,Chicago,8307,324,4.1,32.00%,41.00%,27,453
7/15/20 0:00,11,Chicago,7979,306,4,31.00%,41.00%,26,451
7/16/20 0:00,11,Chicago,10953,402,3.9,28.00%,40.00%,27,450
7/17/20 0:00,11,Chicago,10215,445,3.9,27.00%,40.00%,29,448
7/18/20 0:00,11,Chicago,7845,284,3.9,28.00%,40.00%,30,449
7/19/20 0:00,11,Chicago,7817,297,3.9,31.00%,42.00%,31,450
7/20/20 0:00,11,Chicago,6403,231,3.8,33.00%,43.00%,30,448
7/21/20 0:00,11,Chicago,6997,306,3.9,32.00%,43.00%,31,440
7/22/20 0:00,11,Chicago,8234,401,4,30.00%,41.00%,32,434
7/23/20 0:00,11,Chicago,10554,451,4.2,28.00%,39.00%,32,430
7/24/20 0:00,11,Chicago,7723,392,4.3,28.00%,39.00%,29,427
7/25/20 0:00,11,Chicago,10787,560,4.5,29.00%,40.00%,30,425
7/26/20 0:00,11,Chicago,6757,339,4.7,31.00%,42.00%,30,421
7/27/20 0:00,11,Chicago,6396,290,4.8,32.00%,43.00%,30,414
7/28/20 0:00,11,Chicago,6603,295,4.8,31.00%,43.00%,29,417
7/29/20 0:00,11,Chicago,8906,372,4.7,29.00%,43.00%,28,414
7/30/20 0:00,11,Chicago,10574,523,4.8,29.00%,40.00%,28,411
7/31/20 0:00,11,Chicago,9384,490,4.8,28.00%,40.00%,30,406
8/1/20 0:00,11,Chicago,9141,529,4.9,28.00%,40.00%,29,401
8/2/20 0:00,11,Chicago,6867,359,4.9,29.00%,42.00%,28,398
8/3/20 0:00,11,Chicago,9924,418,4.9,31.00%,43.00%,28,402
8/4/20 0:00,11,Chicago,8091,366,4.9,31.00%,43.00%,28,402
8/5/20 0:00,11,Chicago,6758,378,5,29.00%,42.00%,30,403
8/6/20 0:00,11,Chicago,9922,509,5.1,27.00%,41.00%,29,405
8/7/20 0:00,11,Chicago,10049,532,5.1,27.00%,40.00%,27,416
8/8/20 0:00,11,Chicago,9043,424,4.9,28.00%,40.00%,26,425
8/9/20 0:00,11,Chicago,8805,486,5,30.00%,40.00%,27,428
8/10/20 0:00,11,Chicago,7992,377,5.1,30.00%,41.00%,26,426
8/11/20 0:00,11,Chicago,6027,272,5.1,29.00%,42.00%,26,425
8/12/20 0:00,11,Chicago,6295,301,5,27.00%,42.00%,25,431
8/13/20 0:00,11,Chicago,10431,522,5,26.00%,40.00%,26,436
8/14/20 0:00,11,Chicago,10033,562,5,26.00%,39.00%,27,425
8/15/20 0:00,11,Chicago,7876,339,5,26.00%,40.00%,28,424
8/16/20 0:00,11,Chicago,9689,603,5.1,28.00%,42.00%,27,428
8/17/20 0:00,11,Chicago,7483,349,5.1,30.00%,44.00%,28,433
8/18/20 0:00,11,Chicago,7229,362,5.1,29.00%,43.00%,30,428
8/19/20 0:00,11,Chicago,9348,469,5.2,28.00%,43.00%,30,414
8/20/20 0:00,11,Chicago,9677,541,5.3,26.00%,41.00%,29,405
8/21/20 0:00,11,Chicago,9908,491,5.2,26.00%,41.00%,28,402
8/22/20 0:00,11,Chicago,8960,547,5.4,26.00%,41.00%,30,386
8/23/20 0:00,11,Chicago,7967,444,5.3,27.00%,43.00%,31,373
8/24/20 0:00,11,Chicago,7758,477,5.5,27.00%,43.00%,29,362
8/25/20 0:00,11,Chicago,7045,373,5.5,26.00%,43.00%,28,360
8/26/20 0:00,11,Chicago,5935,323,5.6,25.00%,41.00%,30,365
8/27/20 0:00,11,Chicago,8410,479,5.6,23.00%,39.00%,30,364
8/28/20 0:00,11,Chicago,8267,394,5.6,23.00%,38.00%,31,364
8/29/20 0:00,11,Chicago,8880,526,5.6,24.00%,38.00%,29,364
8/30/20 0:00,11,Chicago,7882,492,5.7,26.00%,39.00%,30,363
8/31/20 0:00,11,Chicago,4877,328,5.7,29.00%,41.00%,32,364
9/1/20 0:00,11,Chicago,5603,241,5.6,29.00%,41.00%,30,367
9/2/20 0:00,11,Chicago,6687,281,5.4,28.00%,40.00%,29,368
9/3/20 0:00,11,Chicago,20212,882,5,26.00%,38.00%,28,369
9/4/20 0:00,11,Chicago,10214,577,5.2,26.00%,38.00%,29,368
9/5/20 0:00,11,Chicago,7853,467,5.2,27.00%,40.00%,28,374
9/6/20 0:00,11,Chicago,5092,302,5.1,29.00%,42.00%,25,375
9/7/20 0:00,11,Chicago,8830,529,5.1,31.00%,43.00%,24,372
9/8/20 0:00,11,Chicago,6214,300,5.1,33.00%,44.00%,24,364
9/9/20 0:00,11,Chicago,5059,198,5.1,32.00%,43.00%,24,358
9/10/20 0:00,11,Chicago,7959,321,5.3,29.00%,42.00%,23,356
9/11/20 0:00,11,Chicago,8658,504,5.3,27.00%,41.00%,21,356
9/12/20 0:00,11,Chicago,8308,462,5.2,27.00%,39.00%,22,348
9/13/20 0:00,11,Chicago,7931,392,5.1,27.00%,35.00%,22,344
9/14/20 0:00,11,Chicago,5647,299,5,27.00%,36.00%,21,341
9/15/20 0:00,11,Chicago,7134,297,4.9,26.00%,34.00%,19,349
9/16/20 0:00,11,Chicago,7495,349,4.9,25.00%,34.00%,19,348
9/17/20 0:00,11,Chicago,11401,537,5,23.00%,31.00%,20,342
9/18/20 0:00,11,Chicago,11599,475,4.7,22.00%,31.00%,18,341
9/19/20 0:00,11,Chicago,9533,527,4.7,23.00%,32.00%,18,344
9/20/20 0:00,11,Chicago,6596,360,4.8,26.00%,34.00%,19,343
9/21/20 0:00,11,Chicago,6942,258,4.6,27.00%,36.00%,18,343
9/22/20 0:00,11,Chicago,6418,231,4.6,26.00%,36.00%,20,341
9/23/20 0:00,11,Chicago,8577,394,4.6,24.00%,35.00%,20,352
9/24/20 0:00,11,Chicago,11243,464,4.4,23.00%,32.00%,20,360
9/25/20 0:00,11,Chicago,11639,518,4.5,22.00%,31.00%,20,365
9/26/20 0:00,11,Chicago,9626,447,4.4,23.00%,31.00%,21,367
9/27/20 0:00,11,Chicago,8390,479,4.4,24.00%,30.00%,22,364
9/28/20 0:00,11,Chicago,7822,374,4.6,26.00%,32.00%,25,365
9/29/20 0:00,11,Chicago,6406,272,4.6,26.00%,33.00%,24,367
9/30/20 0:00,11,Chicago,10120,385,4.5,26.00%,34.00%,23,356
10/1/20 0:00,11,Chicago,12508,591,4.6,24.00%,34.00%,22,354
10/2/20 0:00,11,Chicago,12815,458,4.4,24.00%,33.00%,21,347
10/3/20 0:00,11,Chicago,10494,493,4.5,25.00%,32.00%,21,347
10/4/20 0:00,11,Chicago,8385,397,4.3,27.00%,32.00%,20,353
10/5/20 0:00,11,Chicago,8426,393,4.3,28.00%,34.00%,22,357
10/6/20 0:00,11,Chicago,6586,284,4.3,28.00%,34.00%,23,355
10/7/20 0:00,11,Chicago,11715,449,4.3,26.00%,33.00%,24,358
10/8/20 0:00,11,Chicago,12922,608,4.3,23.00%,30.00%,26,358
10/9/20 0:00,11,Chicago,12786,631,4.6,22.00%,29.00%,28,364
10/10/20 0:00,11,Chicago,14131,752,4.7,23.00%,28.00%,28,367
10/11/20 0:00,11,Chicago,10882,665,4.9,25.00%,30.00%,30,371
10/12/20 0:00,11,Chicago,10556,766,5.2,27.00%,33.00%,29,375
10/13/20 0:00,11,Chicago,8382,557,5.4,27.00%,34.00%,28,385
10/14/20 0:00,11,Chicago,8709,492,5.7,25.00%,32.00%,28,392
10/15/20 0:00,11,Chicago,14610,937,6,22.00%,30.00%,30,396
10/16/20 0:00,11,Chicago,14578,903,6.2,22.00%,31.00%,29,404
10/17/20 0:00,11,Chicago,16706,1370,6.7,22.00%,31.00%,30,407
10/18/20 0:00,11,Chicago,11169,883,7,25.00%,32.00%,33,413
10/19/20 0:00,11,Chicago,10455,795,7,25.00%,32.00%,32,418
10/20/20 0:00,11,Chicago,9773,679,7,25.00%,33.00%,36,425
10/21/20 0:00,11,Chicago,14137,1123,7.3,23.00%,32.00%,40,444
10/22/20 0:00,11,Chicago,15414,1203,7.5,22.00%,31.00%,41,462
10/23/20 0:00,11,Chicago,14053,987,7.7,21.00%,30.00%,41,475
10/24/20 0:00,11,Chicago,14344,1274,7.8,22.00%,29.00%,43,492
10/25/20 0:00,11,Chicago,12893,1304,8.1,24.00%,30.00%,45,508
10/26/20 0:00,11,Chicago,11295,1010,8.2,25.00%,32.00%,47,525
10/27/20 0:00,11,Chicago,10261,868,8.4,24.00%,33.00%,51,543
10/28/20 0:00,11,Chicago,11722,1097,8.6,23.00%,31.00%,54,558
10/29/20 0:00,11,Chicago,18339,1808,9,22.00%,29.00%,56,573
10/30/20 0:00,11,Chicago,17412,1993,9.7,22.00%,29.00%,60,588
10/31/20 0:00,11,Chicago,19521,2279,10.2,23.00%,29.00%,65,614
11/1/20 0:00,11,Chicago,15902,1848,10.4,24.00%,29.00%,67,644
11/2/20 0:00,11,Chicago,14985,1759,10.8,25.00%,30.00%,72,666
11/3/20 0:00,11,Chicago,11229,1220,11,25.00%,30.00%,73,693
11/4/20 0:00,11,Chicago,14510,1857,11.4,24.00%,29.00%,73,714
11/5/20 0:00,11,Chicago,16065,2108,11.9,23.00%,27.00%,79,742
11/6/20 0:00,11,Chicago,17132,2293,12.2,22.00%,27.00%,84,777
11/7/20 0:00,11,Chicago,17312,2666,12.8,23.00%,26.00%,89,803
11/8/20 0:00,11,Chicago,14187,2181,13.4,25.00%,28.00%,94,828
11/9/20 0:00,11,Chicago,19846,3004,13.9,26.00%,30.00%,99,864
11/10/20 0:00,11,Chicago,15088,2333,14.4,24.00%,30.00%,102,898
11/11/20 0:00,11,Chicago,15568,2179,14.6,22.00%,28.00%,112,936
11/12/20 0:00,11,Chicago,18712,3298,15.2,20.00%,25.00%,112,974
11/13/20 0:00,11,Chicago,21629,3372,15.6,21.00%,27.00%,108,999
11/14/20 0:00,11,Chicago,20365,3066,15.5,23.00%,29.00%,112,1028
11/15/20 0:00,11,Chicago,16724,2575,15.5,25.00%,31.00%,118,1056
11/16/20 0:00,11,Chicago,19544,2783,15.4,26.00%,32.00%,118,1083
11/17/20 0:00,11,Chicago,17318,2158,15,27.00%,32.00%,118,1111
11/18/20 0:00,11,Chicago,17880,2428,14.9,26.00%,31.00%,115,1132
11/19/20 0:00,11,Chicago,20386,2746,14.3,23.00%,27.00%,110,1156
11/20/20 0:00,11,Chicago,22872,3106,14,21.00%,23.00%,112,1190
11/21/20 0:00,11,Chicago,18724,2526,13.7,20.00%,20.00%,108,1217
11/22/20 0:00,11,Chicago,21732,2143,12.9,20.00%,22.00%,106,1248
11/23/20 0:00,11,Chicago,17404,2087,12.6,21.00%,24.00%,103,1262
11/24/20 0:00,11,Chicago,22484,2536,12.4,20.00%,23.00%,98,1272
11/25/20 0:00,11,Chicago,23130,2478,12,20.00%,22.00%,98,1284
11/26/20 0:00,11,Chicago,18801,2429,11.9,22.00%,22.00%,96,1282
11/27/20 0:00,11,Chicago,14686,1848,11.7,25.00%,23.00%,95,1272
11/28/20 0:00,11,Chicago,10353,1329,11.5,26.00%,25.00%,100,1269
11/29/20 0:00,11,Chicago,11229,1439,12,25.00%,26.00%,100,1258
11/30/20 0:00,11,Chicago,17414,1936,11.9,23.00%,25.00%,99,1258
12/1/20 0:00,11,Chicago,14057,1998,12.3,21.00%,23.00%,100,1259
12/2/20 0:00,11,Chicago,18145,2126,12.5,20.00%,21.00%,99,1249
12/3/20 0:00,11,Chicago,19668,2589,12.6,18.00%,20.00%,101,1244
12/4/20 0:00,11,Chicago,18438,2238,12.5,17.00%,19.00%,97,1239
12/5/20 0:00,11,Chicago,15159,2000,12.6,17.00%,20.00%,95,1221
12/6/20 0:00,11,Chicago,15946,2157,12.7,19.00%,21.00%,98,1210
12/7/20 0:00,11,Chicago,15893,1966,12.9,20.00%,21.00%,96,1202
12/8/20 0:00,11,Chicago,12615,1290,12.4,19.00%,20.00%,90,1186
12/9/20 0:00,11,Chicago,18927,2158,12.3,18.00%,19.00%,91,1171
12/10/20 0:00,11,Chicago,18607,2620,12.5,18.00%,20.00%,90,1161
12/11/20 0:00,11,Chicago,19037,2376,12.5,18.00%,20.00%,87,1149
12/12/20 0:00,11,Chicago,11356,1340,12.4,18.00%,19.00%,90,1151
12/13/20 0:00,11,Chicago,19130,2175,12,19.00%,20.00%,90,1142
12/14/20 0:00,11,Chicago,16716,2160,12.1,19.00%,21.00%,91,1128
12/15/20 0:00,11,Chicago,15571,1469,12,18.00%,22.00%,92,1117
12/16/20 0:00,11,Chicago,15397,1604,11.9,17.00%,21.00%,90,1113
12/17/20 0:00,11,Chicago,16091,1674,11.3,17.00%,21.00%,85,1104
12/18/20 0:00,11,Chicago,17407,1792,10.9,16.00%,21.00%,81,1093
12/19/20 0:00,11,Chicago,15590,1326,10.5,16.00%,23.00%,82,1071
12/20/20 0:00,11,Chicago,20882,1529,9.8,17.00%,24.00%,76,1058
12/21/20 0:00,11,Chicago,15250,1376,9.3,19.00%,26.00%,69,1053
12/22/20 0:00,11,Chicago,14195,1366,9.3,19.00%,25.00%,76,1052
12/23/20 0:00,11,Chicago,17710,1421,9,18.00%,24.00%,75,1040
12/24/20 0:00,11,Chicago,16187,1225,8.6,18.00%,23.00%,71,1027
12/25/20 0:00,11,Chicago,13799,1068,8.2,20.00%,26.00%,64,1012
12/26/20 0:00,11,Chicago,10172,1032,8.3,24.00%,27.00%,66,1003
12/27/20 0:00,11,Chicago,11680,1083,8.7,25.00%,27.00%,70,997
12/28/20 0:00,11,Chicago,10643,998,8.7,25.00%,25.00%,70,986
12/29/20 0:00,11,Chicago,11741,1169,8.7,22.00%,25.00%,69,975
12/30/20 0:00,11,Chicago,14299,1482,9.1,19.00%,23.00%,63,974
12/31/20 0:00,11,Chicago,16940,1855,9.7,18.00%,24.00%,64,970
1/1/21 0:00,11,Chicago,13698,1318,10,19.00%,24.00%,61,964
1/2/21 0:00,11,Chicago,6925,710,10,21.00%,25.00%,63,948
1/3/21 0:00,11,Chicago,11268,1172,10.2,22.00%,26.00%,61,937
1/4/21 0:00,11,Chicago,13050,1527,10.5,22.00%,26.00%,62,917
1/5/21 0:00,11,Chicago,12644,1306,10.5,21.00%,26.00%,62,896
1/6/21 0:00,11,Chicago,17032,1592,10.4,18.00%,25.00%,65,874
1/7/21 0:00,11,Chicago,18439,1887,10.2,17.00%,24.00%,67,855
1/8/21 0:00,11,Chicago,18305,1829,10.3,16.00%,24.00%,65,845
1/9/21 0:00,11,Chicago,15585,1447,10.1,16.00%,23.00%,66,841
1/10/21 0:00,11,Chicago,13290,1193,10,17.00%,26.00%,66,826
1/11/21 0:00,11,Chicago,12779,1292,9.8,18.00%,28.00%,66,814
1/12/21 0:00,11,Chicago,11590,874,9.5,18.00%,27.00%,64,810
1/13/21 0:00,11,Chicago,19703,1542,9.2,18.00%,26.00%,65,799
1/14/21 0:00,11,Chicago,16662,1349,8.8,16.00%,25.00%,60,788
1/15/21 0:00,11,Chicago,16410,1422,8.6,17.00%,26.00%,60,781
1/16/21 0:00,11,Chicago,19944,1153,8,17.00%,27.00%,61,775
1/17/21 0:00,11,Chicago,12561,1110,8,17.00%,27.00%,60,771
1/18/21 0:00,11,Chicago,8492,797,7.8,17.00%,28.00%,58,768
1/19/21 0:00,11,Chicago,13514,1117,7.9,17.00%,28.00%,58,749
1/20/21 0:00,11,Chicago,14693,835,7.6,17.00%,28.00%,58,741
1/21/21 0:00,11,Chicago,17407,948,7.2,18.00%,28.00%,57,731
1/22/21 0:00,11,Chicago,18876,1431,7,18.00%,28.00%,55,723
1/23/21 0:00,11,Chicago,15446,947,7.1,18.00%,27.00%,54,717
1/24/21 0:00,11,Chicago,14524,901,6.8,17.00%,27.00%,54,706
1/25/21 0:00,11,Chicago,8272,678,6.7,17.00%,27.00%,50,697
1/26/21 0:00,11,Chicago,11320,676,6.4,17.00%,27.00%,47,692
1/27/21 0:00,11,Chicago,15014,910,6.4,17.00%,27.00%,48,682
1/28/21 0:00,11,Chicago,18356,902,6.3,17.00%,27.00%,45,673
1/29/21 0:00,11,Chicago,18814,910,5.8,17.00%,27.00%,43,658
1/30/21 0:00,11,Chicago,15499,717,5.6,17.00%,27.00%,42,641
1/31/21 0:00,11,Chicago,12041,685,5.5,17.00%,27.00%,41,625
2/1/21 0:00,11,Chicago,6531,423,5.4,17.00%,28.00%,39,609
2/2/21 0:00,11,Chicago,13044,522,5.1,17.00%,28.00%,39,599
2/3/21 0:00,11,Chicago,16090,695,4.8,18.00%,28.00%,38,585
2/4/21 0:00,11,Chicago,17366,808,4.8,18.00%,29.00%,37,575
2/5/21 0:00,11,Chicago,16054,704,4.7,18.00%,29.00%,36,566
2/6/21 0:00,11,Chicago,12960,530,4.6,18.00%,28.00%,35,559
2/7/21 0:00,11,Chicago,10461,507,4.5,18.00%,28.00%,37,550
2/8/21 0:00,11,Chicago,6504,326,4.4,18.00%,28.00%,38,544
2/9/21 0:00,11,Chicago,9943,369,4.4,18.00%,28.00%,35,535
2/10/21 0:00,11,Chicago,15501,522,4.2,18.00%,27.00%,34,527
2/11/21 0:00,11,Chicago,17406,450,3.8,18.00%,27.00%,35,519
2/12/21 0:00,11,Chicago,14190,627,3.8,18.00%,27.00%,34,515
2/13/21 0:00,11,Chicago,12756,472,3.8,19.00%,27.00%,34,506
2/14/21 0:00,11,Chicago,10101,381,3.6,19.00%,27.00%,32,499
2/15/21 0:00,11,Chicago,6482,289,3.6,19.00%,27.00%,28,490
2/16/21 0:00,11,Chicago,7988,296,3.6,19.00%,27.00%,27,476
2/17/21 0:00,11,Chicago,9427,285,3.6,19.00%,27.00%,25,465
2/18/21 0:00,11,Chicago,14551,327,3.5,19.00%,27.00%,24,450
2/19/21 0:00,11,Chicago,12993,356,3.2,19.00%,28.00%,23,434
2/20/21 0:00,11,Chicago,14880,421,3.1,20.00%,27.00%,23,421
2/21/21 0:00,11,Chicago,8177,336,3.1,20.00%,27.00%,24,409
2/22/21 0:00,11,Chicago,8616,297,3,20.00%,28.00%,24,398
2/23/21 0:00,11,Chicago,11578,317,2.9,20.00%,27.00%,24,387
2/24/21 0:00,11,Chicago,14656,389,2.9,20.00%,27.00%,24,375
2/25/21 0:00,11,Chicago,16446,418,2.9,20.00%,28.00%,22,370
2/26/21 0:00,11,Chicago,15302,491,3,20.00%,27.00%,19,361
2/27/21 0:00,11,Chicago,12823,368,3,20.00%,27.00%,20,349
2/28/21 0:00,11,Chicago,8061,297,2.9,19.00%,28.00%,19,340
3/1/21 0:00,11,Chicago,8548,283,2.9,19.00%,28.00%,20,330
3/2/21 0:00,11,Chicago,12307,328,2.9,19.00%,28.00%,21,323
3/3/21 0:00,11,Chicago,13255,330,2.9,19.00%,28.00%,20,317
3/4/21 0:00,11,Chicago,17951,410,2.8,20.00%,28.00%,22,308
3/5/21 0:00,11,Chicago,14549,402,2.8,20.00%,28.00%,21,305
3/6/21 0:00,11,Chicago,13786,381,2.7,20.00%,28.00%,22,308
3/7/21 0:00,11,Chicago,9045,274,2.7,20.00%,28.00%,23,310
3/8/21 0:00,11,Chicago,6631,281,2.7,20.00%,27.00%,22,309
3/9/21 0:00,11,Chicago,10244,312,2.8,20.00%,26.00%,21,306
3/10/21 0:00,11,Chicago,15454,377,2.8,20.00%,25.00%,22,305
3/11/21 0:00,11,Chicago,16873,416,2.8,20.00%,25.00%,21,303
3/12/21 0:00,11,Chicago,13794,375,2.8,19.00%,24.00%,20,299
3/13/21 0:00,11,Chicago,12661,355,2.8,19.00%,24.00%,19,296
3/14/21 0:00,11,Chicago,8712,327,2.9,19.00%,24.00%,19,290
3/15/21 0:00,11,Chicago,9022,329,2.9,19.00%,24.00%,21,287
3/16/21 0:00,11,Chicago,12629,353,2.8,19.00%,25.00%,23,286
3/17/21 0:00,11,Chicago,15605,426,2.9,19.00%,25.00%,24,283
3/18/21 0:00,11,Chicago,17709,615,3.1,19.00%,25.00%,25,281
3/19/21 0:00,11,Chicago,15389,519,3.2,19.00%,26.00%,28,282
3/20/21 0:00,11,Chicago,13958,501,3.3,19.00%,26.00%,30,280
3/21/21 0:00,11,Chicago,9543,358,3.3,19.00%,26.00%,33,279
3/22/21 0:00,11,Chicago,7241,360,3.4,18.00%,25.00%,33,286
3/23/21 0:00,11,Chicago,12925,594,3.7,18.00%,26.00%,35,291
3/24/21 0:00,11,Chicago,17096,574,3.8,18.00%,25.00%,37,300
3/25/21 0:00,11,Chicago,15249,650,3.9,18.00%,25.00%,38,310
3/26/21 0:00,11,Chicago,17455,791,4.1,18.00%,25.00%,38,317
3/27/21 0:00,11,Chicago,14541,686,4.3,18.00%,24.00%,37,322
3/28/21 0:00,11,Chicago,10585,611,4.5,18.00%,24.00%,37,328
3/29/21 0:00,11,Chicago,7680,535,4.6,18.00%,24.00%,38,326
3/30/21 0:00,11,Chicago,12712,570,4.6,18.00%,23.00%,36,330
3/31/21 0:00,11,Chicago,19298,853,4.8,17.00%,23.00%,38,334
4/1/21 0:00,11,Chicago,17432,791,4.9,18.00%,23.00%,38,336
4/2/21 0:00,11,Chicago,14482,820,5,18.00%,23.00%,39,337
4/3/21 0:00,11,Chicago,14814,761,5.1,18.00%,23.00%,44,344
4/4/21 0:00,11,Chicago,11651,674,5.1,18.00%,24.00%,44,353
4/5/21 0:00,11,Chicago,8463,562,5.1,19.00%,24.00%,44,364
4/6/21 0:00,11,Chicago,12309,758,5.3,19.00%,25.00%,49,374
4/7/21 0:00,11,Chicago,18789,969,5.4,19.00%,25.00%,50,382
4/8/21 0:00,11,Chicago,18554,994,5.6,19.00%,24.00%,54,392
4/9/21 0:00,11,Chicago,16574,877,5.5,19.00%,24.00%,56,404
4/10/21 0:00,11,Chicago,15906,975,5.7,18.00%,24.00%,57,416
4/11/21 0:00,11,Chicago,10432,665,5.7,18.00%,23.00%,58,433
4/12/21 0:00,11,Chicago,10463,731,5.8,17.00%,22.00%,60,445
4/13/21 0:00,11,Chicago,13965,749,5.7,16.00%,22.00%,59,454
4/14/21 0:00,11,Chicago,18934,913,5.6,16.00%,22.00%,58,463
4/15/21 0:00,11,Chicago,16386,873,5.6,16.00%,22.00%,57,472
4/16/21 0:00,11,Chicago,17384,821,5.5,16.00%,22.00%,57,480
4/17/21 0:00,11,Chicago,14727,811,5.4,17.00%,22.00%,56,484
4/18/21 0:00,11,Chicago,10719,671,5.4,17.00%,22.00%,57,490
4/19/21 0:00,11,Chicago,9839,562,5.3,17.00%,22.00%,55,499
4/20/21 0:00,11,Chicago,13694,549,5.1,17.00%,21.00%,54,504
4/21/21 0:00,11,Chicago,15951,765,5.1,17.00%,21.00%,56,510
4/22/21 0:00,11,Chicago,16842,735,5,17.00%,21.00%,54,512
4/23/21 0:00,11,Chicago,17803,718,4.8,16.00%,20.00%,51,513
4/24/21 0:00,11,Chicago,13614,661,4.7,16.00%,20.00%,52,517
4/25/21 0:00,11,Chicago,10259,589,4.7,16.00%,20.00%,51,514
4/26/21 0:00,11,Chicago,9397,553,4.7,16.00%,21.00%,53,509
4/27/21 0:00,11,Chicago,13987,512,4.6,16.00%,21.00%,54,510
4/28/21 0:00,11,Chicago,16065,735,4.6,16.00%,21.00%,53,510
4/29/21 0:00,11,Chicago,18178,765,4.6,16.00%,21.00%,52,508
4/30/21 0:00,11,Chicago,15025,560,4.5,15.00%,21.00%,52,507
5/1/21 0:00,11,Chicago,15234,729,4.5,15.00%,21.00%,53,504
5/2/21 0:00,11,Chicago,10408,551,4.5,15.00%,21.00%,54,501
5/3/21 0:00,11,Chicago,9597,467,4.4,16.00%,20.00%,54,501
5/4/21 0:00,11,Chicago,11218,458,4.5,16.00%,20.00%,55,496
5/5/21 0:00,11,Chicago,15934,592,4.3,16.00%,20.00%,55,500
5/6/21 0:00,11,Chicago,17933,661,4.2,16.00%,19.00%,55,504
5/7/21 0:00,11,Chicago,15868,494,4.1,16.00%,20.00%,52,503
5/8/21 0:00,11,Chicago,13616,523,4,16.00%,20.00%,51,503
5/9/21 0:00,11,Chicago,8964,405,3.9,16.00%,20.00%,50,504
5/10/21 0:00,11,Chicago,7685,362,3.8,16.00%,20.00%,48,500
5/11/21 0:00,11,Chicago,12509,370,3.7,17.00%,20.00%,44,496
5/12/21 0:00,11,Chicago,15794,399,3.5,17.00%,21.00%,44,483
5/13/21 0:00,11,Chicago,15082,476,3.4,18.00%,21.00%,40,469
5/14/21 0:00,11,Chicago,14003,419,3.4,19.00%,21.00%,39,454
5/15/21 0:00,11,Chicago,10145,339,3.3,19.00%,21.00%,40,444
5/16/21 0:00,11,Chicago,6815,319,3.3,19.00%,22.00%,39,429
5/17/21 0:00,11,Chicago,10888,294,3.1,19.00%,22.00%,40,415
5/18/21 0:00,11,Chicago,12473,334,3,19.00%,21.00%,42,409
5/19/21 0:00,11,Chicago,14727,404,3.1,18.00%,21.00%,40,403
5/20/21 0:00,11,Chicago,14688,399,3,18.00%,21.00%,41,398
5/21/21 0:00,11,Chicago,11608,249,2.9,17.00%,20.00%,39,395
5/22/21 0:00,11,Chicago,10210,341,2.9,16.00%,20.00%,37,391
5/23/21 0:00,11,Chicago,7860,261,2.8,16.00%,20.00%,36,387
5/24/21 0:00,11,Chicago,6315,207,2.8,16.00%,20.00%,33,381
5/25/21 0:00,11,Chicago,9984,179,2.7,15.00%,21.00%,32,373
5/26/21 0:00,11,Chicago,12653,208,2.5,15.00%,21.00%,33,368
5/27/21 0:00,11,Chicago,11352,202,2.4,15.00%,22.00%,31,363
5/28/21 0:00,11,Chicago,12664,224,2.3,15.00%,23.00%,28,356
5/29/21 0:00,11,Chicago,8840,160,2.1,16.00%,23.00%,25,347
5/30/21 0:00,11,Chicago,5778,144,2,16.00%,24.00%,23,341
5/31/21 0:00,11,Chicago,5135,112,1.9,18.00%,25.00%,22,331
6/1/21 0:00,11,Chicago,5178,81,1.8,19.00%,26.00%,23,319
6/2/21 0:00,11,Chicago,10369,134,1.8,19.00%,26.00%,21,308
6/3/21 0:00,11,Chicago,13086,149,1.6,18.00%,26.00%,21,294
6/4/21 0:00,11,Chicago,10405,139,1.6,18.00%,26.00%,20,285
6/5/21 0:00,11,Chicago,8420,104,1.5,18.00%,25.00%,19,273
6/6/21 0:00,11,Chicago,6349,99,1.4,17.00%,25.00%,21,260
6/7/21 0:00,11,Chicago,6148,95,1.3,16.00%,24.00%,21,253
6/8/21 0:00,11,Chicago,8792,102,1.3,14.00%,22.00%,18,248
6/9/21 0:00,11,Chicago,9192,105,1.3,14.00%,21.00%,18,241
6/10/21 0:00,11,Chicago,8146,104,1.3,13.00%,21.00%,16,238
6/11/21 0:00,11,Chicago,14657,71,1.1,13.00%,21.00%,17,235
6/12/21 0:00,11,Chicago,11766,67,1,12.00%,20.00%,18,232
6/13/21 0:00,11,Chicago,8461,70,0.9,12.00%,19.00%,16,230
6/14/21 0:00,11,Chicago,11747,42,0.8,11.00%,19.00%,14,223
6/15/21 0:00,11,Chicago,12794,70,0.7,11.00%,19.00%,13,216
6/16/21 0:00,11,Chicago,12472,61,0.6,12.00%,20.00%,13,204
6/17/21 0:00,11,Chicago,12025,50,0.5,12.00%,20.00%,11,194
6/18/21 0:00,11,Chicago,11065,72,0.5,12.00%,21.00%,8,181
6/19/21 0:00,11,Chicago,11558,45,0.5,13.00%,21.00%,8,171
6/20/21 0:00,11,Chicago,4766,32,0.5,13.00%,21.00%,9,161
6/21/21 0:00,11,Chicago,10971,42,0.5,13.00%,21.00%,8,154
6/22/21 0:00,11,Chicago,15586,58,0.5,13.00%,22.00%,9,147
6/23/21 0:00,11,Chicago,14658,38,0.4,14.00%,22.00%,9,144
6/24/21 0:00,11,Chicago,19458,61,0.4,14.00%,22.00%,8,140
6/25/21 0:00,11,Chicago,10092,51,0.4,15.00%,23.00%,9,138
6/26/21 0:00,11,Chicago,10798,39,0.4,14.00%,22.00%,8,137
6/27/21 0:00,11,Chicago,5679,13,0.3,14.00%,23.00%,8,135
6/28/21 0:00,11,Chicago,15189,68,0.4,14.00%,23.00%,8,132
6/29/21 0:00,11,Chicago,14444,63,0.4,14.00%,23.00%,8,125
6/30/21 0:00,11,Chicago,8744,60,0.4,14.00%,22.00%,9,120
7/1/21 0:00,11,Chicago,10066,70,0.5,14.00%,22.00%,8,117
7/2/21 0:00,11,Chicago,9923,63,0.5,14.00%,22.00%,8,114
7/3/21 0:00,11,Chicago,2340,11,0.5,15.00%,22.00%,8,110
7/4/21 0:00,11,Chicago,1114,5,0.5,15.00%,21.00%,8,106
7/5/21 0:00,11,Chicago,12061,110,0.7,15.00%,22.00%,8,106
7/6/21 0:00,11,Chicago,5568,60,0.8,16.00%,22.00%,8,110
7/7/21 0:00,11,Chicago,6763,83,0.8,16.00%,22.00%,8,112
7/8/21 0:00,11,Chicago,9331,107,0.9,15.00%,22.00%,8,113
7/9/21 0:00,11,Chicago,10541,102,1,14.00%,22.00%,8,111
7/10/21 0:00,11,Chicago,8399,99,1.1,14.00%,22.00%,8,112
7/11/21 0:00,11,Chicago,5481,63,1.1,14.00%,22.00%,9,113
7/12/21 0:00,11,Chicago,6954,97,1.2,13.00%,21.00%,10,115
7/13/21 0:00,11,Chicago,7776,98,1.2,12.00%,20.00%,9,111
7/14/21 0:00,11,Chicago,9663,124,1.2,12.00%,20.00%,10,114
7/15/21 0:00,11,Chicago,9237,106,1.2,12.00%,20.00%,11,112
7/16/21 0:00,11,Chicago,8451,135,1.3,12.00%,20.00%,10,112
7/17/21 0:00,11,Chicago,8857,193,1.4,12.00%,19.00%,11,111
7/18/21 0:00,11,Chicago,5710,131,1.6,12.00%,20.00%,11,112
7/19/21 0:00,11,Chicago,5895,112,1.6,12.00%,20.00%,11,110
7/20/21 0:00,11,Chicago,7757,169,1.7,12.00%,20.00%,12,113
7/21/21 0:00,11,Chicago,11254,247,1.9,12.00%,21.00%,12,111
7/22/21 0:00,11,Chicago,8362,262,2.2,12.00%,21.00%,13,117
7/23/21 0:00,11,Chicago,10578,250,2.3,12.00%,21.00%,14,121
7/24/21 0:00,11,Chicago,9487,266,2.4,12.00%,21.00%,14,130
7/25/21 0:00,11,Chicago,6985,217,2.5,12.00%,20.00%,15,137
7/26/21 0:00,11,Chicago,5914,249,2.8,13.00%,20.00%,16,144
7/27/21 0:00,11,Chicago,8218,269,2.9,13.00%,20.00%,16,150
7/28/21 0:00,11,Chicago,11163,294,3,13.00%,20.00%,18,155
7/29/21 0:00,11,Chicago,12779,358,2.9,13.00%,20.00%,18,158
7/30/21 0:00,11,Chicago,11414,345,3,13.00%,20.00%,17,160
7/31/21 0:00,11,Chicago,11676,353,3.1,13.00%,21.00%,20,160
8/1/21 0:00,11,Chicago,9190,324,3.1,13.00%,21.00%,19,163
8/2/21 0:00,11,Chicago,9706,353,3.1,12.00%,21.00%,19,169
8/3/21 0:00,11,Chicago,11822,404,3.1,12.00%,21.00%,21,171
8/4/21 0:00,11,Chicago,13266,464,3.3,12.00%,21.00%,22,178
8/5/21 0:00,11,Chicago,15949,489,3.3,12.00%,21.00%,24,181
8/6/21 0:00,11,Chicago,16697,515,3.3,12.00%,21.00%,26,191
8/7/21 0:00,11,Chicago,11341,417,3.4,12.00%,20.00%,26,199
8/8/21 0:00,11,Chicago,11164,498,3.5,12.00%,19.00%,28,207
8/9/21 0:00,11,Chicago,11154,409,3.5,12.00%,19.00%,29,208
8/10/21 0:00,11,Chicago,13165,430,3.5,12.00%,18.00%,32,211
8/11/21 0:00,11,Chicago,15328,581,3.5,12.00%,18.00%,33,215
8/12/21 0:00,11,Chicago,16258,555,3.6,12.00%,17.00%,33,223
8/13/21 0:00,11,Chicago,13831,609,3.8,12.00%,17.00%,33,225
8/14/21 0:00,11,Chicago,13194,694,4,12.00%,17.00%,35,227
8/15/21 0:00,11,Chicago,11245,595,4.1,12.00%,17.00%,35,230
8/16/21 0:00,11,Chicago,9867,443,4.2,12.00%,18.00%,33,239
8/17/21 0:00,11,Chicago,13730,466,4.2,11.00%,18.00%,33,249
8/18/21 0:00,11,Chicago,16047,738,4.4,11.00%,19.00%,34,256
8/19/21 0:00,11,Chicago,15373,670,4.5,11.00%,19.00%,32,266
8/20/21 0:00,11,Chicago,16762,591,4.4,11.00%,19.00%,30,275
8/21/21 0:00,11,Chicago,14278,540,4.2,11.00%,19.00%,28,284
8/22/21 0:00,11,Chicago,9645,456,4.1,11.00%,19.00%,30,291
8/23/21 0:00,11,Chicago,8784,396,4.1,11.00%,18.00%,33,295
8/24/21 0:00,11,Chicago,13913,580,4.2,11.00%,18.00%,32,305
8/25/21 0:00,11,Chicago,12895,547,4.1,11.00%,17.00%,34,314
8/26/21 0:00,11,Chicago,17223,795,4.2,11.00%,17.00%,35,318
8/27/21 0:00,11,Chicago,15933,597,4.2,11.00%,16.00%,35,324
8/28/21 0:00,11,Chicago,15003,633,4.3,11.00%,15.00%,34,328
8/29/21 0:00,11,Chicago,8603,330,4.2,11.00%,15.00%,34,333
8/30/21 0:00,11,Chicago,15355,649,4.2,11.00%,15.00%,34,337
8/31/21 0:00,11,Chicago,14663,525,4.1,11.00%,15.00%,35,335
9/1/21 0:00,11,Chicago,16375,606,4,11.00%,16.00%,36,337
9/2/21 0:00,11,Chicago,16888,543,3.8,11.00%,16.00%,36,338
9/3/21 0:00,11,Chicago,18960,733,3.8,12.00%,18.00%,36,339
9/4/21 0:00,11,Chicago,14124,504,3.7,12.00%,18.00%,36,338
9/5/21 0:00,11,Chicago,9997,485,3.8,12.00%,19.00%,37,338
9/6/21 0:00,11,Chicago,9332,430,3.8,13.00%,19.00%,36,339
9/7/21 0:00,11,Chicago,10186,400,3.9,13.00%,19.00%,35,341
9/8/21 0:00,11,Chicago,15883,363,3.6,13.00%,19.00%,37,344
9/9/21 0:00,11,Chicago,19775,636,3.6,13.00%,19.00%,35,346
9/10/21 0:00,11,Chicago,19605,715,3.6,13.00%,19.00%,33,349
9/11/21 0:00,11,Chicago,17404,522,3.5,13.00%,18.00%,32,355
9/12/21 0:00,11,Chicago,11101,356,3.3,12.00%,18.00%,34,355
9/13/21 0:00,11,Chicago,15327,510,3.2,12.00%,18.00%,35,362
9/14/21 0:00,11,Chicago,14273,436,3.1,11.00%,18.00%,35,366
9/15/21 0:00,11,Chicago,19210,537,3.2,11.00%,18.00%,34,366
9/16/21 0:00,11,Chicago,15978,341,3,11.00%,18.00%,33,363
9/17/21 0:00,11,Chicago,23869,649,2.9,11.00%,18.00%,34,358
9/18/21 0:00,11,Chicago,26433,932,3,11.00%,18.00%,34,351
9/19/21 0:00,11,Chicago,13737,532,3.1,11.00%,18.00%,33,344
9/20/21 0:00,11,Chicago,13195,425,3,10.00%,17.00%,30,336
9/21/21 0:00,11,Chicago,24414,641,3,10.00%,17.00%,28,328
9/22/21 0:00,11,Chicago,23334,619,2.9,10.00%,17.00%,30,319
9/23/21 0:00,11,Chicago,35245,635,2.8,10.00%,17.00%,29,310
9/24/21 0:00,11,Chicago,30221,540,2.6,10.00%,17.00%,27,307
9/25/21 0:00,11,Chicago,24947,500,2.4,11.00%,17.00%,27,302
9/26/21 0:00,11,Chicago,19803,364,2.2,11.00%,17.00%,27,298
9/27/21 0:00,11,Chicago,11534,364,2.2,12.00%,17.00%,28,290
9/28/21 0:00,11,Chicago,27654,376,2,12.00%,18.00%,26,285
9/29/21 0:00,11,Chicago,36693,603,1.8,12.00%,17.00%,27,279
9/30/21 0:00,11,Chicago,31141,650,1.9,12.00%,18.00%,26,280
10/1/21 0:00,11,Chicago,27933,570,1.9,12.00%,18.00%,26,275
10/2/21 0:00,11,Chicago,32373,534,1.8,13.00%,18.00%,27,272
10/3/21 0:00,11,Chicago,18183,367,1.9,12.00%,19.00%,27,270
10/4/21 0:00,11,Chicago,20688,424,1.8,12.00%,19.00%,24,269
10/5/21 0:00,11,Chicago,27959,493,1.9,12.00%,18.00%,25,270
10/6/21 0:00,11,Chicago,40410,654,1.9,12.00%,18.00%,27,270
10/7/21 0:00,11,Chicago,28273,552,1.8,12.00%,18.00%,26,266
10/8/21 0:00,11,Chicago,19256,372,1.8,12.00%,17.00%,24,267
10/9/21 0:00,11,Chicago,29326,522,1.8,12.00%,17.00%,24,266
10/10/21 0:00,11,Chicago,15476,373,1.9,12.00%,16.00%,24,266
10/11/21 0:00,11,Chicago,17322,430,1.9,11.00%,16.00%,24,265
10/12/21 0:00,11,Chicago,18339,480,2,11.00%,17.00%,23,257
10/13/21 0:00,11,Chicago,20622,403,2.1,11.00%,16.00%,23,257
10/14/21 0:00,11,Chicago,27339,485,2.1,11.00%,17.00%,22,257
10/15/21 0:00,11,Chicago,27361,437,2,10.00%,17.00%,22,253
10/16/21 0:00,11,Chicago,20720,350,2,10.00%,16.00%,22,247
10/17/21 0:00,11,Chicago,13329,366,2,9.00%,16.00%,22,241
10/18/21 0:00,11,Chicago,16500,279,1.9,9.00%,17.00%,24,236
10/19/21 0:00,11,Chicago,22974,420,1.8,9.00%,16.00%,23,234
10/20/21 0:00,11,Chicago,26138,352,1.7,9.00%,16.00%,22,228
10/21/21 0:00,11,Chicago,25232,350,1.7,9.00%,17.00%,20,221
10/22/21 0:00,11,Chicago,28635,450,1.7,9.00%,17.00%,20,215
10/23/21 0:00,11,Chicago,22776,327,1.6,9.00%,18.00%,20,213
10/24/21 0:00,11,Chicago,18001,342,1.6,9.00%,18.00%,21,211
10/25/21 0:00,11,Chicago,15020,416,1.7,9.00%,17.00%,22,209
10/26/21 0:00,11,Chicago,20513,383,1.7,9.00%,17.00%,21,208
10/27/21 0:00,11,Chicago,26744,384,1.7,9.00%,17.00%,22,206
10/28/21 0:00,11,Chicago,28723,459,1.7,9.00%,17.00%,23,209
10/29/21 0:00,11,Chicago,28980,488,1.7,10.00%,18.00%,22,214
10/30/21 0:00,11,Chicago,21781,444,1.8,10.00%,17.00%,21,223
10/31/21 0:00,11,Chicago,14410,372,1.9,11.00%,16.00%,22,228
11/1/21 0:00,11,Chicago,14839,373,1.9,12.00%,17.00%,20,231
11/2/21 0:00,11,Chicago,19518,332,1.8,12.00%,18.00%,21,234
11/3/21 0:00,11,Chicago,27903,555,1.9,12.00%,18.00%,22,234
11/4/21 0:00,11,Chicago,36180,606,1.9,12.00%,18.00%,21,234
11/5/21 0:00,11,Chicago,30674,632,2,11.00%,17.00%,21,238
11/6/21 0:00,11,Chicago,25958,585,2,11.00%,17.00%,22,238
11/7/21 0:00,11,Chicago,14919,393,2,10.00%,18.00%,21,240
11/8/21 0:00,11,Chicago,11301,337,2.1,10.00%,17.00%,24,239
11/9/21 0:00,11,Chicago,26114,680,2.2,10.00%,17.00%,23,240
11/10/21 0:00,11,Chicago,34118,822,2.3,10.00%,17.00%,22,245
11/11/21 0:00,11,Chicago,34977,740,2.4,9.00%,17.00%,21,253
11/12/21 0:00,11,Chicago,26239,622,2.4,10.00%,17.00%,22,257
11/13/21 0:00,11,Chicago,19584,530,2.5,10.00%,17.00%,23,258
11/14/21 0:00,11,Chicago,13885,574,2.6,11.00%,17.00%,26,264
11/15/21 0:00,11,Chicago,15142,444,2.6,11.00%,17.00%,28,272
11/16/21 0:00,11,Chicago,24108,755,2.7,11.00%,16.00%,30,280
11/17/21 0:00,11,Chicago,30426,729,2.7,11.00%,17.00%,34,290
11/18/21 0:00,11,Chicago,37235,1106,2.9,11.00%,16.00%,33,296
11/19/21 0:00,11,Chicago,31588,892,2.9,11.00%,16.00%,33,307
11/20/21 0:00,11,Chicago,27486,488,2.8,10.00%,15.00%,36,317
11/21/21 0:00,11,Chicago,21735,922,2.8,10.00%,15.00%,36,325
11/22/21 0:00,11,Chicago,26676,1108,3,10.00%,15.00%,35,333
11/23/21 0:00,11,Chicago,22521,803,3.1,10.00%,14.00%,35,341
11/24/21 0:00,11,Chicago,28516,914,3.2,11.00%,15.00%,37,344
11/25/21 0:00,11,Chicago,20294,570,3.2,11.00%,15.00%,39,348
11/26/21 0:00,11,Chicago,21963,792,3.3,12.00%,16.00%,39,351
11/27/21 0:00,11,Chicago,14075,555,3.6,13.00%,16.00%,38,356
11/28/21 0:00,11,Chicago,12053,703,3.7,13.00%,17.00%,41,362
11/29/21 0:00,11,Chicago,19437,844,3.7,13.00%,17.00%,45,371
11/30/21 0:00,11,Chicago,20219,839,3.8,13.00%,17.00%,46,378
12/1/21 0:00,11,Chicago,35788,1648,4.1,13.00%,17.00%,47,390
12/2/21 0:00,11,Chicago,37270,1184,4.1,12.00%,16.00%,47,402
12/3/21 0:00,11,Chicago,29806,1145,4.1,11.00%,15.00%,47,409
12/4/21 0:00,11,Chicago,27242,817,3.9,10.00%,15.00%,52,417
12/5/21 0:00,11,Chicago,33686,1186,3.8,9.00%,14.00%,53,427
12/6/21 0:00,11,Chicago,25640,1249,3.8,9.00%,14.00%,54,436
12/7/21 0:00,11,Chicago,48482,1944,3.9,9.00%,13.00%,59,448
12/8/21 0:00,11,Chicago,33927,1548,3.8,9.00%,13.00%,62,460
12/9/21 0:00,11,Chicago,35513,1277,3.9,9.00%,13.00%,65,475
12/10/21 0:00,11,Chicago,41423,1643,3.9,9.00%,13.00%,63,493
12/11/21 0:00,11,Chicago,36815,1588,4.1,9.00%,12.00%,62,509
12/12/21 0:00,11,Chicago,25640,1144,4.2,9.00%,12.00%,63,522
12/13/21 0:00,11,Chicago,27216,1356,4.2,9.00%,11.00%,64,534
12/14/21 0:00,11,Chicago,27779,1739,4.5,9.00%,10.00%,65,542
12/15/21 0:00,11,Chicago,36134,2499,4.9,9.00%,9.00%,67,549
12/16/21 0:00,11,Chicago,45234,3486,5.6,9.00%,8.00%,67,555
12/17/21 0:00,11,Chicago,42866,3370,6.3,9.00%,7.00%,71,572
12/18/21 0:00,11,Chicago,29991,2933,7,9.00%,8.00%,74,591
12/19/21 0:00,11,Chicago,35167,3358,7.7,9.00%,8.00%,78,616
12/20/21 0:00,11,Chicago,48600,4471,8.2,10.00%,9.00%,82,641
12/21/21 0:00,11,Chicago,43824,4289,8.7,10.00%,9.00%,93,673
12/22/21 0:00,11,Chicago,44299,6615,9.8,10.00%,10.00%,99,712
12/23/21 0:00,11,Chicago,41380,6964,11.2,10.00%,10.00%,102,756
12/24/21 0:00,11,Chicago,43099,6201,12.2,11.00%,11.00%,104,787
12/25/21 0:00,11,Chicago,21051,4446,13.1,12.00%,11.00%,115,821
12/26/21 0:00,11,Chicago,27776,5060,14.1,13.00%,12.00%,125,857
12/27/21 0:00,11,Chicago,28806,4172,15.1,13.00%,11.00%,135,907
12/28/21 0:00,11,Chicago,32787,5609,16.3,13.00%,12.00%,143,976
12/29/21 0:00,11,Chicago,38906,7237,17,13.00%,12.00%,151,1045
12/30/21 0:00,11,Chicago,45007,8777,17.5,13.00%,12.00%,158,1121
12/31/21 0:00,11,Chicago,38768,7796,18.5,12.00%,12.00%,153,1194
1/1/22 0:00,11,Chicago,27950,4928,18.2,12.00%,11.00%,169,1269
1/2/22 0:00,11,Chicago,32195,7139,18.7,11.00%,11.00%,171,1342
1/3/22 0:00,11,Chicago,26611,3756,18.7,11.00%,10.00%,174,1415
1/4/22 0:00,11,Chicago,40440,6721,18.6,11.00%,10.00%,174,1470
1/5/22 0:00,11,Chicago,54265,9058,18.2,11.00%,10.00%,185,1531
1/6/22 0:00,11,Chicago,50102,8404,17.7,10.00%,9.00%,178,1578
1/7/22 0:00,11,Chicago,44302,6874,17,10.00%,9.00%,173,1627
1/8/22 0:00,11,Chicago,40738,5832,16.6,10.00%,9.00%,170,1677
1/9/22 0:00,11,Chicago,32794,5334,15.9,9.00%,9.00%,168,1715
1/10/22 0:00,11,Chicago,38496,4686,15.6,9.00%,8.00%,163,1733
1/11/22 0:00,11,Chicago,41018,6348,15.4,9.00%,8.00%,161,1746
1/12/22 0:00,11,Chicago,46919,5732,14.7,9.00%,8.00%,157,1755
1/13/22 0:00,11,Chicago,53258,6298,13.8,9.00%,8.00%,149,1754
1/14/22 0:00,11,Chicago,41391,4858,13.3,8.00%,8.00%,139,1741
1/15/22 0:00,11,Chicago,45286,4970,12.8,9.00%,9.00%,132,1713
1/16/22 0:00,11,Chicago,40398,3936,12,9.00%,9.00%,127,1685
1/17/22 0:00,11,Chicago,32662,3614,11.9,9.00%,10.00%,117,1661
1/18/22 0:00,11,Chicago,31223,3490,11.3,9.00%,10.00%,108,1631
1/19/22 0:00,11,Chicago,54877,4316,10.5,10.00%,10.00%,104,1572
1/20/22 0:00,11,Chicago,62022,9488,11.3,10.00%,10.00%,93,1524
1/21/22 0:00,11,Chicago,56504,8472,11.9,10.00%,10.00%,87,1478
1/22/22 0:00,11,Chicago,35661,2128,11.3,10.00%,10.00%,82,1430
1/23/22 0:00,11,Chicago,25841,1642,11.1,10.00%,10.00%,76,1381
1/24/22 0:00,11,Chicago,15206,1276,11,10.00%,10.00%,73,1323
1/25/22 0:00,11,Chicago,27832,1348,10.3,10.00%,11.00%,64,1260
1/26/22 0:00,11,Chicago,43636,1747,9.8,10.00%,11.00%,60,1208
1/27/22 0:00,11,Chicago,44882,1550,7.3,10.00%,11.00%,54,1143
1/28/22 0:00,11,Chicago,38588,1379,4.8,10.00%,12.00%,49,1077
1/29/22 0:00,11,Chicago,27858,1108,4.5,10.00%,12.00%,44,1013
1/30/22 0:00,11,Chicago,17879,868,4.3,10.00%,13.00%,41,955
1/31/22 0:00,11,Chicago,15936,682,4,11.00%,13.00%,37,905
2/1/22 0:00,11,Chicago,29197,938,3.8,11.00%,13.00%,39,857
2/2/22 0:00,11,Chicago,28866,1408,3.9,11.00%,13.00%,38,813
2/3/22 0:00,11,Chicago,45727,1764,4,11.00%,13.00%,34,768
2/4/22 0:00,11,Chicago,32426,849,3.8,12.00%,13.00%,31,729
2/5/22 0:00,11,Chicago,26458,646,3.6,12.00%,13.00%,29,697
2/6/22 0:00,11,Chicago,42871,1191,3.4,12.00%,13.00%,29,659
2/7/22 0:00,11,Chicago,14578,519,3.3,13.00%,14.00%,29,620
2/8/22 0:00,11,Chicago,29060,611,3.2,13.00%,14.00%,29,586
2/9/22 0:00,11,Chicago,41305,768,2.7,13.00%,15.00%,28,552
2/10/22 0:00,11,Chicago,45818,839,2.3,13.00%,15.00%,24,527
2/11/22 0:00,11,Chicago,36395,548,2.2,12.00%,15.00%,20,498
2/12/22 0:00,11,Chicago,23571,412,2.1,11.00%,15.00%,21,474
2/13/22 0:00,11,Chicago,18228,544,2,11.00%,15.00%,19,450
2/14/22 0:00,11,Chicago,19773,544,2,11.00%,15.00%,18,427
2/15/22 0:00,11,Chicago,17731,360,2,11.00%,16.00%,17,401
2/16/22 0:00,11,Chicago,44000,468,1.8,11.00%,16.00%,18,379
2/17/22 0:00,11,Chicago,38837,513,1.7,11.00%,16.00%,18,360
2/18/22 0:00,11,Chicago,28886,397,1.7,11.00%,17.00%,18,349
2/19/22 0:00,11,Chicago,26388,365,1.6,11.00%,17.00%,16,331
2/20/22 0:00,11,Chicago,14833,229,1.5,11.00%,17.00%,17,317
2/21/22 0:00,11,Chicago,12039,208,1.4,11.00%,18.00%,14,307
2/22/22 0:00,11,Chicago,14287,318,1.4,11.00%,17.00%,15,298
2/23/22 0:00,11,Chicago,32534,316,1.4,11.00%,17.00%,13,293
2/24/22 0:00,11,Chicago,37377,319,1.3,11.00%,17.00%,12,284
2/25/22 0:00,11,Chicago,41731,622,1.3,11.00%,17.00%,10,276
2/26/22 0:00,11,Chicago,26764,237,1.3,11.00%,17.00%,12,271
2/27/22 0:00,11,Chicago,15451,185,1.2,12.00%,17.00%,12,264
2/28/22 0:00,11,Chicago,16280,192,1.2,12.00%,17.00%,12,257
3/1/22 0:00,11,Chicago,28496,234,1.1,12.00%,18.00%,12,252
3/2/22 0:00,11,Chicago,35470,216,1,11.00%,18.00%,13,240
3/3/22 0:00,11,Chicago,37905,260,1,12.00%,17.00%,10,229
3/4/22 0:00,11,Chicago,30610,188,0.8,12.00%,17.00%,10,216
3/5/22 0:00,11,Chicago,25426,201,0.8,12.00%,17.00%,10,206
3/6/22 0:00,11,Chicago,7716,142,0.8,11.00%,17.00%,9,197
3/7/22 0:00,11,Chicago,9561,120,0.8,11.00%,17.00%,9,189
3/8/22 0:00,11,Chicago,24695,165,0.8,11.00%,17.00%,10,180
3/9/22 0:00,11,Chicago,36325,255,0.8,12.00%,18.00%,9,177
3/10/22 0:00,11,Chicago,34227,554,1,11.00%,18.00%,9,176
3/11/22 0:00,11,Chicago,27857,201,1,11.00%,18.00%,10,176
3/12/22 0:00,11,Chicago,20907,156,1,11.00%,18.00%,10,175
3/13/22 0:00,11,Chicago,9125,115,1,11.00%,18.00%,11,172
3/14/22 0:00,11,Chicago,9442,160,1,11.00%,18.00%,10,167
3/15/22 0:00,11,Chicago,25011,235,1,11.00%,18.00%,10,165
3/16/22 0:00,11,Chicago,21586,239,1.1,11.00%,18.00%,11,159
3/17/22 0:00,11,Chicago,45836,246,0.8,12.00%,18.00%,10,153
