CountyName,AdministeredCount,AdministeredCountChange,AdministeredCountRollAvg,PersonsWithOneDose,PersonsFullyVaccinated,BoosterDoseCount,ReportDate,PctVaccinatedOneDosePopulation,PctFullyVaccinatedPopulation
Cook,1,1,0,1,1,0,12/15/20 0:00,4.04E-07,4.04E-07
Cook,55,54,8,55,1,0,12/16/20 0:00,2.22E-05,4.04E-07
Cook,1096,1041,157,1096,1,0,12/17/20 0:00,0.000442918,4.04E-07
Cook,4705,3609,672,4705,1,0,12/18/20 0:00,0.001901395,4.04E-07
Cook,7723,3018,1103,7723,1,0,12/19/20 0:00,0.003121036,4.04E-07
Cook,8950,1227,1279,8950,1,0,12/20/20 0:00,0.003616894,4.04E-07
Cook,11892,2942,1699,11892,1,0,12/21/20 0:00,0.004805821,4.04E-07
Cook,13718,1826,1960,13718,1,0,12/22/20 0:00,0.005543748,4.04E-07
Cook,15670,1952,2231,15670,1,0,12/23/20 0:00,0.006332595,4.04E-07
Cook,16555,885,2208,16555,1,0,12/24/20 0:00,0.006690243,4.04E-07
Cook,16753,198,1721,16753,1,0,12/25/20 0:00,0.006770259,4.04E-07
Cook,16868,115,1306,16868,1,0,12/26/20 0:00,0.006816733,4.04E-07
Cook,16982,114,1147,16982,1,0,12/27/20 0:00,0.006862803,4.04E-07
Cook,17409,427,788,17409,1,0,12/28/20 0:00,0.007035364,4.04E-07
Cook,20075,2666,908,20075,1,0,12/29/20 0:00,0.008112753,4.04E-07
Cook,23363,3288,1099,23363,1,0,12/30/20 0:00,0.009441507,4.04E-07
Cook,25893,2530,1334,25893,1,0,12/31/20 0:00,0.010463936,4.04E-07
Cook,26606,713,1408,26606,1,0,1/1/21 0:00,0.010752075,4.04E-07
Cook,27347,741,1497,27347,1,0,1/2/21 0:00,0.01105153,4.04E-07
Cook,27917,570,1562,27917,1,0,1/3/21 0:00,0.01128188,4.04E-07
Cook,30669,2752,1894,30639,31,0,1/4/21 0:00,0.0123819,1.25E-05
Cook,34596,3927,2074,34478,119,0,1/5/21 0:00,0.013933325,4.81E-05
Cook,37779,3183,2059,37356,424,0,1/6/21 0:00,0.015096389,0.000171348
Cook,42537,4758,2378,39383,3155,0,1/7/21 0:00,0.015915545,0.001275006
Cook,49650,7113,3292,42566,7085,0,1/8/21 0:00,0.017201866,0.002863206
Cook,54243,4593,3842,44325,9919,0,1/9/21 0:00,0.017912717,0.004008488
Cook,57695,3452,4254,46402,11294,0,1/10/21 0:00,0.018752079,0.004564156
Cook,61626,3931,4422,47523,14104,0,1/11/21 0:00,0.0192051,0.00569974
Cook,68842,7216,4892,51846,16997,0,1/12/21 0:00,0.02095212,0.006868865
Cook,75075,6233,5328,56148,18928,0,1/13/21 0:00,0.022690654,0.007649225
Cook,82644,7569,5730,60930,21715,0,1/14/21 0:00,0.024623166,0.008775514
Cook,87130,4486,5354,65067,22064,0,1/15/21 0:00,0.02629502,0.008916552
Cook,90309,3179,5152,68006,22304,0,1/16/21 0:00,0.027482735,0.009013542
Cook,92264,1955,4938,69852,22413,0,1/17/21 0:00,0.028228744,0.009057591
Cook,94335,2071,4673,71409,22927,0,1/18/21 0:00,0.028857963,0.00926531
Cook,99107,4772,4324,75175,23933,0,1/19/21 0:00,0.030379887,0.009671857
Cook,104801,5694,4247,78931,25871,0,1/20/21 0:00,0.03189777,0.010455046
Cook,112042,7241,4200,84177,27866,0,1/21/21 0:00,0.034017795,0.011261269
Cook,119276,7234,4592,90099,29178,0,1/22/21 0:00,0.036411007,0.011791478
Cook,123692,4416,4769,94185,29508,0,1/23/21 0:00,0.03806225,0.011924838
Cook,127393,3701,5018,96956,30438,0,1/24/21 0:00,0.039182073,0.012300672
Cook,133547,6154,5602,101645,31903,0,1/25/21 0:00,0.041077002,0.012892711
Cook,142024,8477,6131,107747,34278,0,1/26/21 0:00,0.043542956,0.013852501
Cook,151958,9934,6737,114331,37628,0,1/27/21 0:00,0.046203696,0.01520631
Cook,163355,11397,7330,122576,40780,0,1/28/21 0:00,0.049535684,0.016480104
Cook,175419,12064,8020,131760,43660,0,1/29/21 0:00,0.053247142,0.017643976
Cook,183909,8490,8602,138926,44984,0,1/30/21 0:00,0.056143082,0.018179033
Cook,187859,3950,8638,141899,45961,0,1/31/21 0:00,0.057344537,0.018573861
Cook,195533,7674,8855,147738,47796,0,2/1/21 0:00,0.059704207,0.019315425
Cook,207970,12437,9421,157214,50757,0,2/2/21 0:00,0.063533669,0.020512031
Cook,220346,12376,9770,167345,53002,0,2/3/21 0:00,0.067627831,0.021419285
Cook,235870,15524,10359,179664,56207,0,2/4/21 0:00,0.072606212,0.022714497
Cook,248522,12652,10443,189842,58681,0,2/5/21 0:00,0.076719368,0.023714295
Cook,261064,12542,11022,199870,61195,0,2/6/21 0:00,0.080771906,0.024730259
Cook,265581,4517,11103,203777,61805,0,2/7/21 0:00,0.082350811,0.024976773
Cook,279254,13673,11960,214723,64532,0,2/8/21 0:00,0.086774333,0.026078814
Cook,290712,11458,11820,223699,67014,0,2/9/21 0:00,0.090401734,0.027081846
Cook,303578,12866,11890,232839,70740,0,2/10/21 0:00,0.094095411,0.028587605
Cook,322842,19264,12425,246218,76625,0,2/11/21 0:00,0.099502162,0.030965864
Cook,337366,14524,12692,256590,80777,0,2/12/21 0:00,0.103693717,0.03264378
Cook,348417,11051,12479,265014,83404,0,2/13/21 0:00,0.107098043,0.033705409
Cook,356552,8135,12996,271325,85228,0,2/14/21 0:00,0.109648458,0.034442528
Cook,365691,9139,12348,279064,86628,0,2/15/21 0:00,0.11277596,0.035008299
Cook,371642,5951,11561,283036,88608,0,2/16/21 0:00,0.114381133,0.035808461
Cook,385973,14331,11771,292508,93467,0,2/17/21 0:00,0.118208979,0.03777209
Cook,401794,15821,11279,302069,99727,0,2/18/21 0:00,0.122072791,0.040301895
Cook,414749,12955,11055,309421,105330,0,2/19/21 0:00,0.125043898,0.042566192
Cook,416533,1784,9731,310302,106233,0,2/20/21 0:00,0.125399929,0.042931115
Cook,427509,10976,10137,315965,111546,0,2/21/21 0:00,0.127688474,0.045078216
Cook,434779,7270,9870,319645,115136,0,2/22/21 0:00,0.129175643,0.046529015
Cook,445879,11100,10605,324686,121195,0,2/23/21 0:00,0.131212823,0.048977591
Cook,476876,30997,12986,343018,133860,0,2/24/21 0:00,0.138621192,0.054095799
Cook,493825,16949,13147,351487,142340,0,2/25/21 0:00,0.142043703,0.057522755
Cook,508624,14799,13411,357759,150867,0,2/26/21 0:00,0.144578357,0.060968705
Cook,525395,16771,15552,365212,160185,0,2/27/21 0:00,0.14759028,0.064734316
Cook,535378,9983,15410,370946,164434,0,2/28/21 0:00,0.149907517,0.066451431
Cook,546488,11110,15958,376392,170099,0,3/1/21 0:00,0.152108366,0.068740783
Cook,561531,15043,16522,383850,177684,0,3/2/21 0:00,0.15512231,0.07180605
Cook,579692,18161,14688,393189,186506,0,3/3/21 0:00,0.158896407,0.075371217
Cook,608022,28330,16314,405157,202908,0,3/4/21 0:00,0.163732941,0.081999629
Cook,628941,20919,17188,415255,214301,0,3/5/21 0:00,0.167813768,0.086603793
Cook,650551,21610,17879,426207,225930,0,3/6/21 0:00,0.172239714,0.09130333
Cook,656632,6081,17322,429484,228839,0,3/7/21 0:00,0.173564022,0.092478922
Cook,672033,15401,17935,437737,237896,0,3/8/21 0:00,0.176899243,0.096139057
Cook,691409,19376,18554,447617,248813,0,3/9/21 0:00,0.18089197,0.100550859
Cook,711538,20129,18835,457849,260591,0,3/10/21 0:00,0.185026949,0.10531061
Cook,732318,20780,17757,467040,274207,0,3/11/21 0:00,0.188741236,0.110813138
Cook,762371,30053,19061,484369,289211,0,3/12/21 0:00,0.19574427,0.116876588
Cook,782813,20442,18895,497201,299028,0,3/13/21 0:00,0.200929966,0.120843856
Cook,800579,17766,20564,505280,309894,0,3/14/21 0:00,0.204194869,0.125235048
Cook,816659,16080,20661,514127,318034,0,3/15/21 0:00,0.207770139,0.128524602
Cook,839717,23058,21187,528159,327620,0,3/16/21 0:00,0.213440781,0.132398518
Cook,857777,18060,20891,538660,335545,0,3/17/21 0:00,0.217684469,0.135601186
Cook,884787,27010,21781,556697,345112,0,3/18/21 0:00,0.224973621,0.139467424
Cook,910274,25487,21129,573778,354051,0,3/19/21 0:00,0.231876432,0.143079872
Cook,930893,20619,21154,588956,361486,0,3/20/21 0:00,0.238010199,0.146084521
Cook,939920,9027,19906,595923,364881,0,3/21/21 0:00,0.240825719,0.147456515
Cook,957702,17782,20149,608718,370774,0,3/22/21 0:00,0.245996462,0.149838008
Cook,980035,22333,20045,625540,377044,0,3/23/21 0:00,0.252794606,0.152371854
Cook,1003244,23209,20781,643796,382706,0,3/24/21 0:00,0.260172261,0.154659994
Cook,1028030,24786,20463,661885,390076,0,3/25/21 0:00,0.267482428,0.157638374
Cook,1054955,26925,20669,680306,399179,0,3/26/21 0:00,0.274926763,0.161317099
Cook,1077153,22198,20894,693786,408415,0,3/27/21 0:00,0.28037433,0.165049572
Cook,1085431,8278,20787,698591,412419,0,3/28/21 0:00,0.282316138,0.166667677
Cook,1103874,18443,20882,711959,417943,0,3/29/21 0:00,0.287718443,0.168900048
Cook,1129925,26051,21413,729546,426872,0,3/30/21 0:00,0.29482574,0.172508455
Cook,1152241,22316,21285,746014,433540,0,3/31/21 0:00,0.301480825,0.175203142
Cook,1181831,29590,21972,766444,443599,0,4/1/21 0:00,0.309737042,0.179268207
Cook,1211512,29681,22365,784868,455871,0,4/2/21 0:00,0.317182589,0.184227595
Cook,1234848,23336,22528,799195,466461,0,4/3/21 0:00,0.322972448,0.188507249
Cook,1240846,5998,22202,802150,469770,0,4/4/21 0:00,0.324166629,0.18984449
Cook,1262173,21327,22614,815574,478971,0,4/5/21 0:00,0.329591566,0.193562818
Cook,1288926,26753,22714,830489,493209,0,4/6/21 0:00,0.335619049,0.19931671
Cook,1317933,29007,23670,849127,506798,0,4/7/21 0:00,0.343151078,0.204808327
Cook,1350483,32550,24093,868181,524724,0,4/8/21 0:00,0.350851223,0.212052622
Cook,1387272,36789,25109,885590,548270,0,4/9/21 0:00,0.357886586,0.221568083
Cook,1416101,28829,25893,901166,566105,0,4/10/21 0:00,0.364181194,0.228775603
Cook,1428489,12388,26806,907406,573366,0,4/11/21 0:00,0.366702916,0.231709934
Cook,1451301,22812,27018,918804,587820,0,4/12/21 0:00,0.371309101,0.237551116
Cook,1481830,30529,27558,933509,605275,0,4/13/21 0:00,0.377251718,0.24460507
Cook,1510853,29023,27560,948829,619539,0,4/14/21 0:00,0.383442871,0.250369469
Cook,1547934,37081,28207,967721,638149,0,4/15/21 0:00,0.391077547,0.257890183
Cook,1582622,34688,27907,984550,656447,0,4/16/21 0:00,0.39787852,0.265284811
Cook,1609015,26393,27559,997267,670348,0,4/17/21 0:00,0.403017742,0.270902514
Cook,1620253,11238,27395,1002592,676380,0,4/18/21 0:00,0.405169693,0.273340179
Cook,1638711,18458,26773,1010306,687325,0,4/19/21 0:00,0.408287092,0.277763297
Cook,1671706,32995,27125,1024907,706050,0,4/20/21 0:00,0.41418768,0.285330485
Cook,1702325,30619,27353,1037763,723924,0,4/21/21 0:00,0.419383075,0.292553765
Cook,1730837,28512,26129,1049367,741088,0,4/22/21 0:00,0.424072509,0.299490119
Cook,1757327,26490,24958,1061053,755957,0,4/23/21 0:00,0.428795081,0.305499012
Cook,1778998,21671,24283,1071702,767086,0,4/24/21 0:00,0.433098579,0.309996488
Cook,1788307,9309,24008,1076731,771550,0,4/25/21 0:00,0.435130909,0.31180049
Cook,1807157,18850,24064,1084457,782779,0,4/26/21 0:00,0.438253158,0.316338378
Cook,1828188,21031,22355,1092487,796143,0,4/27/21 0:00,0.441498259,0.321739067
Cook,1850432,22244,21158,1101062,810087,0,4/28/21 0:00,0.444963607,0.327374147
Cook,1872658,22226,20260,1108720,825126,0,4/29/21 0:00,0.448058375,0.333451741
Cook,1891891,19233,19223,1116022,837520,0,4/30/21 0:00,0.451009275,0.338460432
Cook,1901815,9924,17545,1120747,842970,0,5/1/21 0:00,0.452918752,0.340662898
Cook,1904217,2402,16559,1122069,844087,0,5/2/21 0:00,0.453453002,0.341114302
Cook,1915871,11654,15531,1127033,851042,0,5/3/21 0:00,0.455459065,0.343924972
Cook,1940566,24695,16054,1138247,865367,0,5/4/21 0:00,0.459990891,0.349714023
Cook,1961760,21194,15904,1145855,879667,0,5/5/21 0:00,0.463065453,0.35549297
Cook,1977808,16048,15021,1150923,891350,0,5/6/21 0:00,0.465113544,0.36021433
Cook,1999879,22071,15427,1157430,907397,0,5/7/21 0:00,0.467743167,0.366699279
Cook,2020080,20201,16895,1164534,921060,0,5/8/21 0:00,0.470614052,0.372220801
Cook,2035813,15733,18799,1170666,931499,0,5/9/21 0:00,0.473092129,0.376439433
Cook,2050767,14954,19271,1175065,942758,0,5/10/21 0:00,0.474869863,0.380989445
Cook,2066174,15407,17944,1179516,954524,0,5/11/21 0:00,0.47666861,0.385744347
Cook,2081131,14957,17053,1183823,965437,0,5/12/21 0:00,0.478409165,0.390154532
Cook,2099114,17983,17329,1191523,976189,0,5/13/21 0:00,0.481520906,0.394499654
Cook,2125775,26661,17985,1202818,991952,0,5/14/21 0:00,0.486085466,0.400869833
Cook,2142871,17096,17542,1210116,1002020,0,5/15/21 0:00,0.48903475,0.404938535
Cook,2148438,5567,16089,1212557,1005208,0,5/16/21 0:00,0.490021212,0.406226877
Cook,2160069,11631,15615,1217551,1012078,0,5/17/21 0:00,0.492039399,0.409003196
Cook,2181624,21555,16493,1227978,1023869,0,5/18/21 0:00,0.496253181,0.413768201
Cook,2201536,19912,17201,1237677,1034659,0,5/19/21 0:00,0.500172762,0.41812868
Cook,2230513,28977,18771,1250557,1051306,0,5/20/21 0:00,0.505377856,0.424856102
Cook,2248083,17570,17473,1258396,1061395,0,5/21/21 0:00,0.50854577,0.428933291
Cook,2262489,14406,17088,1264361,1070236,0,5/22/21 0:00,0.510956359,0.432506136
Cook,2270453,7964,17431,1269219,1073460,0,5/23/21 0:00,0.512919585,0.433809026
Cook,2282725,12272,17522,1274963,1080395,0,5/24/21 0:00,0.515240863,0.436611613
Cook,2295547,12822,16275,1281207,1087535,0,5/25/21 0:00,0.517764202,0.439497046
Cook,2310489,14942,15565,1289171,1095105,0,5/26/21 0:00,0.520982631,0.442556251
Cook,2323676,13187,13309,1295301,1102580,0,5/27/21 0:00,0.5234599,0.445577064
Cook,2335633,11957,12507,1300701,1109411,0,5/28/21 0:00,0.52564216,0.448337623
Cook,2344925,9292,11777,1304846,1114831,0,5/29/21 0:00,0.527317247,0.450527965
Cook,2350316,5391,11409,1307353,1117892,0,5/30/21 0:00,0.528330381,0.451764984
Cook,2354593,4277,10267,1309428,1120241,0,5/31/21 0:00,0.529168935,0.452714267
Cook,2361499,6906,9422,1311588,1125172,0,6/1/21 0:00,0.530041839,0.454706993
Cook,2369566,8067,8440,1315025,1130041,0,6/2/21 0:00,0.531430807,0.456674664
Cook,2382270,12704,8371,1319669,1138454,0,6/3/21 0:00,0.53330755,0.460074544
Cook,2395157,12887,8503,1323982,1147314,0,6/4/21 0:00,0.535050529,0.463655067
Cook,2406260,11103,8762,1327511,1155131,0,6/5/21 0:00,0.536476677,0.46681409
Cook,2414260,8000,9135,1329698,1161092,0,6/6/21 0:00,0.537360492,0.469223063
Cook,2426075,11815,10212,1332609,1170246,0,6/7/21 0:00,0.538536892,0.472922398
Cook,2437657,11582,10880,1335990,1178761,0,6/8/21 0:00,0.539903229,0.476363498
Cook,2451374,13717,11687,1340609,1188140,0,6/9/21 0:00,0.541769869,0.48015376
Cook,2459905,8531,11091,1343597,1193974,0,6/10/21 0:00,0.542977387,0.482511409
Cook,2467998,8093,10406,1346197,1199677,0,6/11/21 0:00,0.544028104,0.484816118
Cook,2472869,4871,9516,1347704,1203204,0,6/12/21 0:00,0.544637116,0.486241457
Cook,2477794,4925,9076,1349018,1206900,0,6/13/21 0:00,0.545168133,0.487735093
Cook,2495189,17395,9873,1354410,1219467,0,6/14/21 0:00,0.54734716,0.492813697
Cook,2507327,12138,9953,1357998,1228382,0,6/15/21 0:00,0.54879715,0.496416446
Cook,2515473,8146,9157,1360790,1234026,0,6/16/21 0:00,0.54992546,0.498697312
Cook,2525632,10159,9390,1364712,1240614,0,6/17/21 0:00,0.551510427,0.501359669
Cook,2529861,4229,8838,1366367,1243378,0,6/18/21 0:00,0.552179249,0.502476663
Cook,2538472,8611,9372,1369663,1248977,0,6/19/21 0:00,0.553511236,0.504739343
Cook,2542278,3806,9212,1371289,1251287,0,6/20/21 0:00,0.554168339,0.505672865
Cook,2547551,5273,7480,1373462,1254568,0,6/21/21 0:00,0.555046496,0.50699879
Cook,2552663,5112,6477,1376007,1257426,0,6/22/21 0:00,0.556074987,0.508153772
Cook,2559100,6437,6232,1378609,1261507,0,6/23/21 0:00,0.557126513,0.509802994
Cook,2567537,8437,5986,1382275,1266511,0,6/24/21 0:00,0.558608025,0.511825222
Cook,2587582,20045,8246,1390466,1278634,0,6/25/21 0:00,0.56191819,0.516724396
Cook,2610761,23179,10327,1399143,1293442,0,6/26/21 0:00,0.565424759,0.522708637
Cook,2612707,1946,10061,1399892,1294704,0,6/27/21 0:00,0.565727446,0.523218639
Cook,2617525,4818,9996,1402076,1297520,0,6/28/21 0:00,0.566610049,0.524356648
Cook,2623354,5829,10099,1404730,1300906,0,6/29/21 0:00,0.567682589,0.525725005
Cook,2628926,5572,9975,1407159,1304234,0,6/30/21 0:00,0.568664202,0.527069924
Cook,2633844,4918,9472,1409312,1307143,0,7/1/21 0:00,0.569534277,0.528245516
Cook,2638809,4965,7318,1411546,1310076,0,7/2/21 0:00,0.570437086,0.529430806
Cook,2642899,4090,4591,1413387,1312453,0,7/3/21 0:00,0.571181075,0.530391404
Cook,2645073,2174,4624,1414439,1313642,0,7/4/21 0:00,0.571606212,0.530871906
Cook,2645328,255,3972,1414547,1313805,0,7/5/21 0:00,0.571649857,0.530937778
Cook,2648180,2852,3547,1415614,1315777,0,7/6/21 0:00,0.572081056,0.531734707
Cook,2652770,4590,3406,1417621,1318533,0,7/7/21 0:00,0.572892129,0.532848468
Cook,2657779,5009,3419,1419862,1321479,0,7/8/21 0:00,0.573797767,0.534039012
Cook,2662351,4572,3363,1421949,1324179,0,7/9/21 0:00,0.57464117,0.535130141
Cook,2666337,3986,3348,1423739,1326526,0,7/10/21 0:00,0.575364549,0.536078616
Cook,2669227,2890,3451,1425217,1328056,0,7/11/21 0:00,0.575961841,0.536696923
Cook,2674875,5648,4221,1427932,1331184,0,7/12/21 0:00,0.577059033,0.537961018
Cook,2679328,4453,4450,1430114,1333595,0,7/13/21 0:00,0.577940828,0.538935356
Cook,2683675,4347,4415,1432231,1335945,0,7/14/21 0:00,0.578796354,0.539885043
Cook,2687631,3956,4265,1434167,1338087,0,7/15/21 0:00,0.579578735,0.540750673
Cook,2691728,4097,4197,1436257,1340224,0,7/16/21 0:00,0.58042335,0.541614282
Cook,2695398,3670,4152,1438161,1342083,0,7/17/21 0:00,0.581192799,0.542365546
Cook,2698056,2658,4118,1439470,1343492,0,7/18/21 0:00,0.581721795,0.542934954
Cook,2701834,3778,3851,1441431,1345438,0,7/19/21 0:00,0.582514279,0.543721376
Cook,2706973,5139,3949,1444115,1348058,0,7/20/21 0:00,0.583598943,0.544780176
Cook,2711615,4642,3991,1446714,1350277,0,7/21/21 0:00,0.584649256,0.545676923
Cook,2714737,3122,3872,1448575,1351674,0,7/22/21 0:00,0.585401328,0.546241482
Cook,2718214,3477,3784,1450593,1353229,0,7/23/21 0:00,0.586216846,0.546869892
Cook,2720612,2398,3602,1452033,1354254,0,7/24/21 0:00,0.586798782,0.547284117
Cook,2722298,1686,3463,1453078,1354979,0,7/25/21 0:00,0.58722109,0.547577106
Cook,2724767,2469,3276,1454717,1355969,0,7/26/21 0:00,0.587883446,0.547977186
Cook,2730062,5295,3298,1457770,1358348,0,7/27/21 0:00,0.589117231,0.548938593
Cook,2739992,9930,4054,1463785,1362510,0,7/28/21 0:00,0.591548026,0.55062055
Cook,2744807,4815,4296,1466752,1364700,0,7/29/21 0:00,0.592747057,0.551505577
Cook,2754155,9348,5134,1471535,1369556,0,7/30/21 0:00,0.594679974,0.553467995
Cook,2758348,4193,5391,1474134,1371275,0,7/31/21 0:00,0.595730287,0.554162681
Cook,2761243,2895,5564,1475815,1372584,0,8/1/21 0:00,0.596409617,0.554691677
Cook,2764966,3723,5743,1478057,1374202,0,8/2/21 0:00,0.597315659,0.555345547
Cook,2770160,5194,5728,1481222,1376382,0,8/3/21 0:00,0.598594705,0.556226533
Cook,2775030,4870,5005,1484207,1378396,0,8/4/21 0:00,0.59980101,0.557040435
Cook,2779948,4918,5020,1487323,1380387,0,8/5/21 0:00,0.601060255,0.557845043
Cook,2784974,5026,4403,1490279,1382606,0,8/6/21 0:00,0.60225484,0.55874179
Cook,2793287,8313,4991,1494845,1386619,0,8/7/21 0:00,0.604100062,0.560363532
Cook,2796541,3254,5043,1496754,1388079,0,8/8/21 0:00,0.604871532,0.560953551
Cook,2799866,3325,4986,1498694,1389620,0,8/9/21 0:00,0.605655529,0.561576303
Cook,2802830,2964,4667,1500484,1390894,0,8/10/21 0:00,0.606378907,0.562091155
Cook,2814085,11255,5579,1506754,1396790,0,8/11/21 0:00,0.608912754,0.564473859
Cook,2823919,9834,6282,1512101,1401850,0,8/12/21 0:00,0.611073595,0.566518718
Cook,2832418,8499,6778,1516644,1406131,21,8/13/21 0:00,0.612909522,0.568248765
Cook,2844478,12060,7313,1523587,1412249,144,8/14/21 0:00,0.615715343,0.570721184
Cook,2853178,8700,8091,1528087,1416600,487,8/15/21 0:00,0.617533893,0.57247952
Cook,2857118,3940,8179,1529893,1418436,888,8/16/21 0:00,0.618263737,0.573221488
Cook,2862918,5800,8584,1532428,1421081,1643,8/17/21 0:00,0.619288187,0.574290392
Cook,2868344,5426,7751,1534829,1423365,2522,8/18/21 0:00,0.620258485,0.575213407
Cook,2873327,4983,7058,1536930,1425501,3377,8/19/21 0:00,0.621107545,0.576076612
Cook,2878260,4933,6549,1539119,1427584,4159,8/20/21 0:00,0.621992169,0.576918398
Cook,2883419,5159,5563,1541225,1429959,4926,8/21/21 0:00,0.62284325,0.577878189
Cook,2886882,3463,4815,1542601,1431687,5358,8/22/21 0:00,0.623399322,0.578576512
Cook,2890525,3643,4772,1544118,1433476,5772,8/23/21 0:00,0.624012376,0.579299486
Cook,2895916,5391,4714,1546427,1436001,6448,8/24/21 0:00,0.624945494,0.580319895
Cook,2900911,4995,4652,1548590,1438379,6998,8/25/21 0:00,0.62581961,0.581280898
Cook,2907274,6363,4850,1552045,1440817,7591,8/26/21 0:00,0.627215853,0.582266148
Cook,2912952,5678,4956,1554774,1443223,8219,8/27/21 0:00,0.628318702,0.583238466
Cook,2920249,7297,5261,1558222,1446544,8901,8/28/21 0:00,0.629712115,0.584580555
Cook,2926657,6408,5682,1560278,1450511,9374,8/29/21 0:00,0.630542991,0.586183708
Cook,2930985,4328,5780,1562141,1452613,9830,8/30/21 0:00,0.63129587,0.587033173
Cook,2936599,5614,5812,1564503,1455238,10597,8/31/21 0:00,0.632250407,0.588093994
Cook,2941802,5203,5842,1566825,1457666,11181,9/1/21 0:00,0.633188779,0.589075203
Cook,2946778,4976,5643,1569159,1459742,11874,9/2/21 0:00,0.634132,0.58991416
Cook,2951618,4840,5524,1571495,1461770,12481,9/3/21 0:00,0.63507603,0.59073372
Cook,2956950,5332,5243,1574073,1464041,13088,9/4/21 0:00,0.636117857,0.591651482
Cook,2960447,3497,4827,1575711,1465598,13451,9/5/21 0:00,0.636779809,0.5922807
Cook,2962925,2478,4563,1576918,1466658,13700,9/6/21 0:00,0.637267584,0.59270907
Cook,2964839,1914,4034,1577730,1467616,13909,9/7/21 0:00,0.637595731,0.593096219
Cook,2969737,4898,3991,1579739,1470117,14420,9/8/21 0:00,0.638407613,0.594106928
Cook,2974209,4472,3919,1581677,1472215,14971,9/9/21 0:00,0.639190802,0.594954777
Cook,2978296,4087,3811,1583511,1474064,15497,9/10/21 0:00,0.639931962,0.595701999
Cook,2982647,4351,3671,1585413,1476124,15948,9/11/21 0:00,0.640700602,0.59653449
Cook,2985760,3113,3616,1586814,1477634,16234,9/12/21 0:00,0.641266778,0.597144715
Cook,2988855,3095,3704,1588193,1479140,16530,9/13/21 0:00,0.641824062,0.597753323
Cook,2993092,4237,4036,1590065,1481120,17003,9/14/21 0:00,0.642580579,0.598553485
Cook,2997054,3962,3902,1591822,1483021,17419,9/15/21 0:00,0.643290622,0.599321721
Cook,3000911,3857,3815,1593457,1484849,17907,9/16/21 0:00,0.643951361,0.600060457
Cook,3004580,3669,3755,1595019,1486634,18328,9/17/21 0:00,0.6445826,0.600781815
Cook,3008704,4124,3722,1596694,1488673,18819,9/18/21 0:00,0.645259505,0.60160582
Cook,3011772,3068,3716,1597828,1490293,19183,9/19/21 0:00,0.64571778,0.602260498
Cook,3014208,2436,3622,1598877,1491508,19436,9/20/21 0:00,0.646141704,0.602751506
Cook,3018865,4657,3682,1600646,1493832,20083,9/21/21 0:00,0.646856596,0.603690686
Cook,3021668,2803,3516,1601799,1495152,20483,9/22/21 0:00,0.647322549,0.604224128
Cook,3026264,4596,3622,1603465,1497539,21106,9/23/21 0:00,0.647995817,0.605188768
Cook,3030816,4552,3748,1605015,1499708,21985,9/24/21 0:00,0.648622206,0.606065309
Cook,3035733,4917,3861,1606330,1501624,23711,9/25/21 0:00,0.649153627,0.606839607
Cook,3040266,4533,4071,1607333,1503055,25840,9/26/21 0:00,0.649558961,0.607417906
Cook,3045115,4849,4415,1608542,1504515,28137,9/27/21 0:00,0.650047545,0.608007924
Cook,3049705,4590,4406,1609714,1505982,30140,9/28/21 0:00,0.650521176,0.608600771
Cook,3055258,5553,4799,1610906,1507070,33463,9/29/21 0:00,0.65100289,0.609040456
Cook,3058148,2890,4555,1611625,1507760,35001,9/30/21 0:00,0.651293454,0.609319301
Cook,3066861,8713,5149,1613266,1509875,40028,10/1/21 0:00,0.651956618,0.610174019
Cook,3080447,13586,6388,1615844,1513004,47944,10/2/21 0:00,0.652998445,0.611438517
Cook,3084695,4248,6347,1616724,1514129,50205,10/3/21 0:00,0.653354073,0.611893155
Cook,3091273,6578,6594,1618522,1516151,53027,10/4/21 0:00,0.654080685,0.61271029
Cook,3095458,4185,6536,1619385,1517124,55449,10/5/21 0:00,0.654429442,0.613103501
Cook,3106008,10550,7250,1621509,1519399,61679,10/6/21 0:00,0.655287798,0.614022879
Cook,3112736,6728,7798,1622808,1520917,65656,10/7/21 0:00,0.655812752,0.614636336
Cook,3119748,7012,7555,1624117,1522319,70032,10/8/21 0:00,0.656341748,0.615202916
Cook,3124379,4631,6276,1625037,1523410,72696,10/9/21 0:00,0.656713541,0.615643813
Cook,3128153,3774,6208,1625721,1524278,74970,10/10/21 0:00,0.65698996,0.615994591
Cook,3133308,5155,6005,1626618,1525521,78040,10/11/21 0:00,0.657352458,0.616496915
Cook,3140690,7382,6462,1627924,1527126,82577,10/12/21 0:00,0.657880242,0.617145531
Cook,3148950,8260,6135,1629350,1528847,87782,10/13/21 0:00,0.65845652,0.617841026
Cook,3154781,5831,6006,1630494,1529998,91393,10/14/21 0:00,0.658918836,0.61830617
Cook,3164012,9231,6323,1632367,1532110,96719,10/15/21 0:00,0.659675757,0.619159676
Cook,3169910,5898,6504,1633475,1533336,100350,10/16/21 0:00,0.660123524,0.61965513
Cook,3173362,3452,6458,1634108,1534152,102378,10/17/21 0:00,0.660379333,0.619984894
Cook,3178437,5075,6447,1635151,1535316,105299,10/18/21 0:00,0.660800833,0.620455292
Cook,3186187,7750,6500,1636447,1536709,110421,10/19/21 0:00,0.661324575,0.621018234
Cook,3194081,7894,6447,1637868,1538097,115622,10/20/21 0:00,0.661898833,0.621579156
Cook,3202788,8707,6858,1639317,1539627,121426,10/21/21 0:00,0.662484406,0.622197463
Cook,3211034,8246,6717,1640591,1540967,127161,10/22/21 0:00,0.662999258,0.622738987
Cook,3219653,8619,7106,1641749,1542087,133588,10/23/21 0:00,0.663467231,0.623191604
Cook,3227663,8010,7757,1642853,1543123,139535,10/24/21 0:00,0.663913382,0.623610274
Cook,3236589,8926,8307,1644057,1544313,146171,10/25/21 0:00,0.664399945,0.62409118
Cook,3252202,15613,9431,1646122,1546118,158053,10/26/21 0:00,0.665234458,0.62482062
Cook,3265928,13726,10264,1647879,1547448,168797,10/27/21 0:00,0.6659445,0.625358103
Cook,3278869,12941,10869,1649380,1548685,179090,10/28/21 0:00,0.666551088,0.625858002
Cook,3296368,17499,12191,1652903,1551730,190163,10/29/21 0:00,0.66797481,0.627088554
Cook,3307939,11571,12612,1654232,1552907,199324,10/30/21 0:00,0.668511889,0.627564206
Cook,3316606,8667,12706,1655359,1553795,206048,10/31/21 0:00,0.668967334,0.627923066
Cook,3325039,8433,12636,1656558,1554723,212436,11/1/21 0:00,0.669451877,0.628298092
Cook,3336077,11038,11982,1657996,1555813,221047,11/2/21 0:00,0.670033005,0.628738585
Cook,3343212,7135,11041,1658919,1556439,226701,11/3/21 0:00,0.670406009,0.628991566
Cook,3353967,10755,10728,1660582,1557592,234720,11/4/21 0:00,0.671078065,0.629457518
Cook,3368298,14331,10276,1662845,1558858,245592,11/5/21 0:00,0.671992593,0.629969137
Cook,3387646,19348,11387,1665697,1560682,260399,11/6/21 0:00,0.67314515,0.630706256
Cook,3394612,6966,11144,1668433,1561273,264090,11/7/21 0:00,0.674250828,0.630945092
Cook,3403034,8422,11142,1671319,1562070,268909,11/8/21 0:00,0.675417125,0.631267178
Cook,3418973,15939,11842,1676267,1563305,278749,11/9/21 0:00,0.677416722,0.631766269
Cook,3432955,13982,12820,1680819,1564309,287260,11/10/21 0:00,0.679256286,0.632172007
Cook,3447231,14276,13323,1685475,1565309,295956,11/11/21 0:00,0.681137879,0.63257613
Cook,3462995,15764,13528,1691612,1566300,304690,11/12/21 0:00,0.683617977,0.632976615
Cook,3476302,13307,12665,1696692,1567237,312051,11/13/21 0:00,0.685670918,0.633355277
Cook,3484840,8538,12890,1699836,1567815,316922,11/14/21 0:00,0.686941478,0.63358886
Cook,3495112,10272,13154,1703164,1568589,323169,11/15/21 0:00,0.688286397,0.63390165
Cook,3509313,14201,12906,1706775,1569608,332811,11/16/21 0:00,0.689745682,0.634313451
Cook,3523768,14455,12973,1710462,1570601,342659,11/17/21 0:00,0.69123568,0.634714744
Cook,3537040,13272,12830,1714153,1571595,351328,11/18/21 0:00,0.692727296,0.635116442
Cook,3552229,15189,12748,1717850,1572665,361823,11/19/21 0:00,0.694221335,0.635548853
Cook,3565717,13488,12774,1721465,1573540,370896,11/20/21 0:00,0.695682237,0.635902459
Cook,3574221,8504,12769,1724055,1574095,376318,11/21/21 0:00,0.696728914,0.636126747
Cook,3585782,11561,12953,1727298,1574988,383799,11/22/21 0:00,0.698039482,0.636487628
Cook,3601647,15865,13191,1731086,1576165,394775,11/23/21 0:00,0.699570297,0.63696328
Cook,3615037,13390,13038,1734089,1577273,404112,11/24/21 0:00,0.700783876,0.637411048
Cook,3622940,7903,12271,1736009,1577857,409551,11/25/21 0:00,0.70155979,0.637647055
Cook,3627714,4774,10784,1737462,1578475,412299,11/26/21 0:00,0.70214698,0.637896803
Cook,3639700,11986,10569,1740089,1579836,420359,11/27/21 0:00,0.703208609,0.638446813
Cook,3647876,8176,10522,1741552,1581869,425083,11/28/21 0:00,0.70379984,0.639268393
Cook,3659286,11410,10501,1744467,1584515,431006,11/29/21 0:00,0.704977856,0.640337701
Cook,3674150,14864,10358,1746643,1588464,439818,11/30/21 0:00,0.705857226,0.641933579
Cook,3684725,10575,9955,1748500,1591321,445778,12/1/21 0:00,0.706607681,0.643088156
Cook,3705780,21055,11834,1751304,1596856,458575,12/2/21 0:00,0.70774084,0.645324973
Cook,3722943,17163,13604,1753741,1601214,469034,12/3/21 0:00,0.708725685,0.647086137
Cook,3739417,16474,14245,1756029,1606055,478454,12/4/21 0:00,0.709650317,0.649042493
Cook,3749573,10156,14528,1757181,1609754,483792,12/5/21 0:00,0.710115866,0.650537341
Cook,3762358,12785,14725,1759204,1612545,491854,12/6/21 0:00,0.710933405,0.651665246
Cook,3779496,17138,15049,1761895,1615793,503138,12/7/21 0:00,0.712020898,0.652977835
Cook,3794690,15194,15709,1764292,1618502,513303,12/8/21 0:00,0.712989579,0.654072602
Cook,3811749,17059,15138,1767156,1621918,524179,12/9/21 0:00,0.714146985,0.655453084
Cook,3828880,17131,15134,1769991,1625174,535285,12/10/21 0:00,0.715292671,0.656768906
Cook,3843147,14267,14819,1772525,1628137,544103,12/11/21 0:00,0.716316717,0.65796632
Cook,3849528,6381,14279,1773750,1629547,547906,12/12/21 0:00,0.716811767,0.658536132
Cook,3864116,14588,14537,1776205,1632637,557012,12/13/21 0:00,0.717803887,0.65978487
Cook,3879728,15612,14319,1778880,1635581,567101,12/14/21 0:00,0.718884914,0.660974605
Cook,3896937,17209,14607,1781525,1638290,579053,12/15/21 0:00,0.719953817,0.662069372
Cook,3911818,14881,14296,1784050,1640241,589521,12/16/21 0:00,0.720974225,0.662857815
Cook,3927535,15717,14094,1786903,1641958,600736,12/17/21 0:00,0.722127186,0.663551693
Cook,3941338,13803,14027,1789658,1643924,609868,12/18/21 0:00,0.723240543,0.664346197
Cook,3951294,9956,14538,1791372,1645189,616879,12/19/21 0:00,0.723933208,0.664857412
Cook,3962761,11467,14092,1793542,1646643,624771,12/20/21 0:00,0.724810153,0.665445005
Cook,3978669,15908,14134,1796664,1648485,635770,12/21/21 0:00,0.726071823,0.666189398
Cook,3996295,17626,14194,1799959,1650646,648015,12/22/21 0:00,0.727403406,0.667062706
Cook,4011673,15378,14265,1803076,1652844,658141,12/23/21 0:00,0.728663055,0.667950967
Cook,4021848,10175,13473,1805167,1654286,664822,12/24/21 0:00,0.729508074,0.668533711
Cook,4023822,1974,11783,1805571,1654539,666145,12/25/21 0:00,0.72967134,0.668635954
Cook,4026044,2222,10679,1806066,1654882,667540,12/26/21 0:00,0.72987138,0.668774568
Cook,4036744,10700,10569,1808312,1656727,674218,12/27/21 0:00,0.730779039,0.669520174
Cook,4052168,15424,10500,1811850,1658939,683971,12/28/21 0:00,0.732208823,0.670414092
Cook,4067567,15399,10182,1815536,1661176,693513,12/29/21 0:00,0.733698417,0.671318113
Cook,4083384,15817,10244,1819304,1663324,703512,12/30/21 0:00,0.73522115,0.672186168
Cook,4092753,9369,10129,1821438,1664580,709536,12/31/21 0:00,0.736083547,0.672693745
Cook,4095547,2794,10246,1822000,1665043,711324,1/1/22 0:00,0.736310663,0.672880854
Cook,4097159,1612,10159,1822426,1665355,712221,1/2/22 0:00,0.736482819,0.67300694
Cook,4107480,10321,10105,1825412,1667226,717790,1/3/22 0:00,0.737689528,0.673763053
Cook,4120873,13393,9815,1829392,1669214,725349,1/4/22 0:00,0.739297935,0.674566448
Cook,4133679,12806,9445,1833337,1671027,732485,1/5/22 0:00,0.740892197,0.675299121
Cook,4146300,12621,8988,1837149,1672788,739630,1/6/22 0:00,0.742432711,0.67601078
Cook,4159476,13176,9532,1840867,1674653,747306,1/7/22 0:00,0.743935237,0.676764468
Cook,4171862,12386,10902,1844387,1676509,754430,1/8/22 0:00,0.745357747,0.677514519
Cook,4179158,7296,11714,1846103,1677669,758874,1/9/22 0:00,0.746051221,0.677983301
Cook,4188905,9747,11632,1848856,1679043,764572,1/10/22 0:00,0.747163769,0.678538565
Cook,4201530,12625,11522,1852559,1681110,771541,1/11/22 0:00,0.748660234,0.679373885
Cook,4214131,12601,11493,1856364,1683055,778488,1/12/22 0:00,0.750197919,0.680159903
Cook,4225951,11820,11379,1859749,1684856,785209,1/13/22 0:00,0.751565873,0.680887727
Cook,4238014,12063,11220,1863039,1686527,792365,1/14/22 0:00,0.752895435,0.681563015
Cook,4248324,10310,10923,1866055,1687565,798666,1/15/22 0:00,0.754114267,0.681982494
Cook,4254863,6539,10815,1867979,1688143,802748,1/16/22 0:00,0.754891798,0.682216077
Cook,4262120,7257,10459,1869787,1689340,807032,1/17/22 0:00,0.755622451,0.682699811
Cook,4275013,12893,10498,1873435,1691767,813949,1/18/22 0:00,0.757096689,0.683680616
Cook,4286086,11073,10279,1876570,1693781,819933,1/19/22 0:00,0.758363612,0.684494518
Cook,4296936,10850,10141,1879481,1695927,825792,1/20/22 0:00,0.759540012,0.685361764
Cook,4307650,10714,9948,1882274,1698033,831681,1/21/22 0:00,0.760668725,0.686212846
Cook,4317947,10297,9946,1884913,1699321,838110,1/22/22 0:00,0.761735204,0.686733355
Cook,4323934,5987,9867,1886449,1699919,841993,1/23/22 0:00,0.762355935,0.68697502
Cook,4330410,6476,9756,1888042,1701352,845478,1/24/22 0:00,0.762999702,0.687554127
Cook,4340083,9673,9296,1890528,1703754,850319,1/25/22 0:00,0.76400435,0.688524829
Cook,4348963,8880,8982,1892864,1706053,854630,1/26/22 0:00,0.764948379,0.689453906
Cook,4357431,8468,8642,1895013,1708355,858697,1/27/22 0:00,0.765816838,0.690384195
Cook,4366963,9532,8473,1897453,1711109,863165,1/28/22 0:00,0.766802896,0.691497148
Cook,4375711,8748,8252,1899643,1713422,867479,1/29/22 0:00,0.767687924,0.692431882
Cook,4380969,5258,8148,1900915,1714570,870336,1/30/22 0:00,0.768201967,0.692895814
Cook,4387395,6426,8141,1902562,1716541,873181,1/31/22 0:00,0.768867557,0.693692339
Cook,4395232,7837,7878,1904553,1719010,876607,2/1/22 0:00,0.769672164,0.694690117
Cook,4400791,5559,7404,1905982,1720897,878876,2/2/22 0:00,0.770249655,0.695452696
Cook,4405621,4830,6884,1907140,1722618,880855,2/3/22 0:00,0.770717628,0.69614819
Cook,4412035,6414,6439,1908588,1724984,883467,2/4/22 0:00,0.771302797,0.697104343
Cook,4418675,6640,6138,1910109,1727214,886372,2/5/22 0:00,0.771917467,0.698005536
Cook,4423029,4354,6009,1911053,1728655,888365,2/6/22 0:00,0.772298958,0.698587876
Cook,4428190,5161,5828,1912417,1730458,890398,2/7/22 0:00,0.772850181,0.699316508
Cook,4434399,6209,5595,1913930,1732858,892741,2/8/22 0:00,0.773461618,0.700286401
Cook,4441595,7196,5829,1915592,1735347,895833,2/9/22 0:00,0.774133269,0.701292262
Cook,4448773,7178,6165,1917252,1737742,899005,2/10/22 0:00,0.774804112,0.702260134
Cook,4455308,6535,6182,1918774,1739904,901881,2/11/22 0:00,0.775419186,0.703133846
Cook,4461578,6270,6129,1920100,1741893,904861,2/12/22 0:00,0.775955052,0.703937646
Cook,4464916,3338,5984,1920776,1743006,906417,2/13/22 0:00,0.776228239,0.704387434
Cook,4468319,3403,5733,1921522,1744378,907725,2/14/22 0:00,0.776529714,0.704941889
Cook,4472632,4313,5462,1922641,1746176,909138,2/15/22 0:00,0.776981926,0.705668501
Cook,4478262,5630,5238,1924724,1748391,910503,2/16/22 0:00,0.777823713,0.706563632
Cook,4483439,5177,4952,1926050,1751035,911722,2/17/22 0:00,0.778359579,0.707632131
Cook,4488346,4907,4720,1927439,1753247,913047,2/18/22 0:00,0.778920905,0.708526049
Cook,4492096,3750,4360,1928235,1754824,914439,2/19/22 0:00,0.779242586,0.70916335
Cook,4494694,2598,4254,1928743,1755809,915552,2/20/22 0:00,0.77944788,0.70956141
Cook,4498027,3333,4244,1929501,1757152,916800,2/21/22 0:00,0.779754205,0.710104146
Cook,4501704,3677,4153,1930304,1758689,918167,2/22/22 0:00,0.780078715,0.710725282
Cook,4504737,3033,3782,1930991,1759889,919335,2/23/22 0:00,0.780356347,0.711210229
Cook,4507497,2760,3437,1931704,1760889,920401,2/24/22 0:00,0.780644486,0.711614351
Cook,4510435,2938,3156,1932332,1761968,921645,2/25/22 0:00,0.780898275,0.712050399
Cook,4513389,2954,3042,1932947,1763086,922880,2/26/22 0:00,0.78114681,0.712502208
Cook,4515386,1997,2956,1933353,1763783,923777,2/27/22 0:00,0.781310884,0.712783881
Cook,4517788,2402,2823,1933901,1764675,924752,2/28/22 0:00,0.781532343,0.713144358
Cook,4520451,2663,2678,1934476,1765722,925818,3/1/22 0:00,0.781764713,0.713567474
Cook,4523194,2743,2637,1935242,1766776,926762,3/2/22 0:00,0.78207427,0.713993418
Cook,4525536,2342,2577,1935858,1767599,927678,3/3/22 0:00,0.78232321,0.714326011
Cook,4527848,2312,2488,1936370,1768460,928642,3/4/22 0:00,0.78253012,0.71467396
Cook,4530217,2369,2404,1936908,1769375,929569,3/5/22 0:00,0.782747538,0.715043732
Cook,4531633,1416,2321,1937241,1769902,930126,3/6/22 0:00,0.782882111,0.715256704
Cook,4533340,1707,2222,1937693,1770490,930804,3/7/22 0:00,0.783064774,0.715494328
Cook,4535166,1826,2102,1938139,1771108,931576,3/8/22 0:00,0.783245012,0.715744076
Cook,4536981,1815,1970,1938665,1771719,932270,3/9/22 0:00,0.783457581,0.715990995
Cook,4538738,1757,1886,1939161,1772286,932985,3/10/22 0:00,0.783658025,0.716220132
Cook,4540520,1782,1810,1939583,1772844,933792,3/11/22 0:00,0.783828565,0.716445632
Cook,4542250,1730,1719,1939973,1773453,934542,3/12/22 0:00,0.783986173,0.716691742
Cook,4543265,1015,1662,1940169,1773806,935011,3/13/22 0:00,0.784065381,0.716834398
Cook,4545253,1988,1702,1940755,1774600,935635,3/14/22 0:00,0.784302196,0.717155271
Cook,4547145,1892,1711,1941228,1775142,936521,3/15/22 0:00,0.784493346,0.717374305
Cook,4548702,1557,1674,1941591,1775639,937240,3/16/22 0:00,0.784640042,0.717575154
Cook,4550353,1651,1659,1942046,1776092,937993,3/17/22 0:00,0.784823918,0.717758221
