,IDPHExport20220405043254528.csv_case_count,IDPHExport20220405043254528.csv_deaths,IDPHExport20220405043254528.csv_TotalTestedChange,IDPHExport20220405043256767.csv_case_count,IDPHExport20220405043256767.csv_deaths,IDPHExport20220405043256767.csv_TotalTestedChange,IDPHExport20220405043529843.csv_hosp,IDPHExport20220405043533352.csv_hosp,IDPHExport20220405044003912.csv_Vaccinations,IDPHExport20220405044012526.csv_Vaccinations,positivity_rate,percent_fully_vaccinated,IDPHExport20220202114605524.csv_hosp
3/17/20,0,0,0,107,1,0,,,,,0,0,24
3/18/20,0,0,0,71,0,0,,,,,0,0,39
3/19/20,0,0,0,100,1,0,,,,,0,0,36
3/20/20,0,0,0,133,1,0,,,,,0,0,52
3/21/20,0,0,0,137,1,0,,,,,0,0,62
3/22/20,519,4,0,-262,-2,0,,,,,0,0,68
3/24/20,263,1,0,126,5,0,,,,,0,0,119
3/25/20,133,0,0,91,1,0,,,,,0,0,124
3/26/20,246,4,0,240,1,0,,,,,0,0,132
3/27/20,203,0,0,132,2,0,,,,,0,0,154
3/28/20,246,3,0,128,5,0,,,,,0,0,131
3/29/20,416,4,0,416,8,0,,,,,0,0,130
3/30/20,172,0,0,110,4,0,,,,,0,0,158
3/31/20,495,5,0,274,11,0,,,,,0,0,161
4/1/20,394,18,0,262,17,0,,,,,0,0,181
4/2/20,192,2,0,231,10,0,,,,,0,0,170
4/3/20,536,16,0,415,18,0,,,,,0,0,160
4/4/20,481,19,0,432,7,0,,,,,0,0,159
4/5/20,318,14,0,277,5,0,,,,,0,0,147
4/6/20,453,18,0,241,5,0,,,,,0,0,200
4/7/20,439,27,0,342,13,0,,,,,0,0,194
4/8/20,586,42,0,425,21,0,,,,,0,0,172
4/9/20,556,21,0,339,18,0,,,,,0,0,150
4/10/20,582,20,0,475,27,0,,,,,0,0,155
4/11/20,554,31,0,391,24,0,,,,,0,0,142
4/12/20,719,18,0,449,14,0,,,,,0,0,136
4/13/20,581,41,0,308,17,0,,,,,0,0,153
4/14/20,532,20,0,317,14,0,,,,,0,0,166
4/15/20,576,33,0,407,20,0,,,,,0,0,149
4/16/20,450,53,0,331,39,0,,,,,0,0,154
4/17/20,767,13,0,537,25,0,,,,,0,0,148
4/18/20,598,64,0,406,36,0,,,,,0,0,161
4/19/20,526,1,0,351,16,0,,,,,0,0,158
4/20/20,480,22,0,349,16,0,,,,,0,0,181
4/21/20,541,55,0,539,32,0,,,,,0,0,171
4/22/20,840,35,0,525,35,0,,,,,0,0,145
4/23/20,679,37,0,586,33,0,,,,,0,0,167
4/24/20,1039,37,0,766,41,0,,,,,0,0,168
4/25/20,997,30,0,445,17,0,,,,,0,0,118
4/26/20,756,32,0,760,14,0,,,,,0,0,129
4/27/20,817,32,0,562,2,0,,,,,0,0,169
4/28/20,912,31,0,584,79,0,,,,,0,0,174
4/29/20,819,48,0,612,11,0,,,,,0,0,158
4/30/20,1078,43,0,555,48,0,,,,,0,0,168
5/1/20,1227,51,0,928,15,0,,,,,0,0,140
5/2/20,898,33,0,661,37,0,,,,,0,0,166
5/3/20,1248,31,0,849,12,0,,,,,0,0,138
5/4/20,941,12,0,450,4,0,,,,,0.007538887,0,127
5/5/20,801,47,3987,707,73,2686,,,,,0.225985314,0,156
5/6/20,834,44,3716,632,38,3049,,,,,0.216703622,0,133
5/7/20,1001,72,4707,651,34,3392,,,,,0.203975799,0,140
5/8/20,1094,64,5405,801,23,4685,,,,,0.187809713,0,98
5/9/20,858,41,4632,580,26,3202,,,,,0.183558846,0,97
5/10/20,557,48,3536,424,5,2765,,,,,0.155689573,0,99
5/11/20,377,39,2798,349,5,2963,,,,,0.126019788,0,128
5/12/20,1230,65,6701,859,23,5652,,,,,0.169108719,0,124
5/13/20,517,52,3691,419,88,2904,,,,,0.141925701,0,124
5/14/20,1267,59,4523,784,27,4327,,,,,0.231751412,0,131
5/15/20,842,54,7144,606,33,4965,,,,,0.119580477,0,110
5/16/20,823,14,5991,484,38,4675,,,,,0.122538909,0,102
5/17/20,615,16,4436,391,9,4182,,,,,0.116732421,0,97
5/18/20,813,45,5363,659,5,4388,,,,,0.150958876,0,113
5/19/20,485,48,4509,516,43,3881,,,,,0.119308701,0,99
5/20/20,920,58,8139,602,36,6342,,,,,0.105103239,0,94
5/21/20,916,27,7826,422,13,5651,,,,,0.099280255,0,109
5/22/20,710,36,6752,688,37,7653,,,,,0.097049636,0,92
5/23/20,937,44,9477,531,14,5808,,,,,0.096041871,0,91
5/24/20,970,46,7482,623,11,5727,,,,,0.120599591,0,92
5/25/20,595,15,6359,492,7,5770,,,,,0.089619919,0,78
5/26/20,405,25,4230,317,5,3744,,,,,0.090544269,0,77
5/27/20,406,41,4171,296,60,4376,,,,,0.082134082,0,65
5/28/20,392,28,5591,393,35,4341,,,,,0.079037455,0,70
5/29/20,496,26,4669,464,26,4716,,,,,0.10229089,0,50
5/30/20,419,23,6188,434,10,5042,,,,,0.075957257,0,55
5/31/20,442,24,5686,364,14,4824,,,,,0.076688868,0,39
6/1/20,310,10,4944,260,7,4383,,,,,0.061112898,0,63
6/2/20,896,13,3947,282,54,3670,,,,,0.154654063,0,50
6/3/20,244,38,7924,287,17,4478,,,,,0.042815675,0,50
6/4/20,274,35,4095,235,31,4870,,,,,0.056776352,0,31
6/5/20,300,22,4010,331,11,3304,,,,,0.086272901,0,42
6/6/20,353,11,4472,227,21,5173,,,,,0.060134785,0,38
6/7/20,271,17,4973,232,13,4666,,,,,0.052183836,0,31
6/8/20,188,15,3676,204,3,3684,,,,,0.05326087,0,43
6/9/20,240,22,4570,212,28,4801,,,,,0.048233913,0,38
6/10/20,139,9,3993,175,35,4595,,,,,0.036562646,0,29
6/11/20,197,36,4688,196,20,4185,,,,,0.044291671,0,28
6/12/20,162,19,5455,109,34,5202,,,,,0.025429295,0,24
6/13/20,184,3,4954,148,8,4267,22,18,,,0.036004772,0,
6/14/20,164,12,5484,161,3,4685,28,20,,,0.031959878,0,
6/15/20,154,15,4664,124,3,4355,35,24,,,0.030823816,0,
6/16/20,173,28,4487,181,19,3824,41,30,,,0.042594152,0,
6/17/20,153,14,5943,167,35,6170,41,28,,,0.026417898,0,
6/18/20,155,18,4870,166,13,4616,42,26,,,0.033839342,0,
6/19/20,193,22,5108,179,8,4502,43,25,,,0.038709677,0,
6/20/20,148,10,5107,186,16,5022,41,25,,,0.032974627,0,
6/21/20,116,14,5960,176,-1,4873,38,25,,,0.026954676,0,
6/22/20,94,18,3974,153,1,3861,36,25,,,0.031525207,0,
6/23/20,198,2,4432,162,15,3620,35,22,,,0.044709389,0,
6/24/20,163,14,5329,191,25,4862,35,21,,,0.034736532,0,
6/25/20,271,18,6571,241,4,5535,33,22,,,0.042293078,0,
6/26/20,244,18,6932,174,9,6070,31,21,,,0.0321489,0,
6/27/20,217,5,7308,122,5,6451,31,21,,,0.024638418,0,
6/28/20,222,2,6718,126,4,4054,32,21,,,0.032305978,0,
6/29/20,200,11,6666,167,1,4960,31,21,,,0.031567177,0,
6/30/20,204,5,6188,210,6,5096,31,22,,,0.036689117,0,
7/1/20,206,13,7150,169,3,6623,29,23,,,0.027227184,0,
7/2/20,273,12,6602,197,16,6078,30,23,,,0.037066246,0,
7/3/20,256,4,7868,137,4,6534,32,22,,,0.027287877,0,
7/4/20,286,4,9386,180,1,6258,30,22,,,0.029787778,0,
7/5/20,156,3,7218,136,2,5686,30,23,,,0.022628642,0,
7/6/20,139,2,5334,110,1,3653,28,23,,,0.027706687,0,
7/7/20,150,9,5229,122,12,4852,27,25,,,0.02698145,0,
7/8/20,224,5,6637,219,8,6854,27,25,,,0.032836706,0,
7/9/20,300,7,7708,209,5,6767,26,25,,,0.035164076,0,
7/10/20,332,9,7822,268,8,7422,25,26,,,0.039359748,0,
7/11/20,292,10,8669,241,8,5685,25,27,,,0.037132507,0,
7/12/20,258,7,9038,161,7,8349,25,26,,,0.024098464,0,
7/13/20,173,5,8144,154,-1,5933,27,25,,,0.023229381,0,
7/14/20,184,9,5129,118,3,4428,27,25,,,0.031599874,0,
7/15/20,274,5,8306,202,-1,6811,26,24,,,0.031487729,0,
7/16/20,333,5,7976,219,0,8024,27,25,,,0.0345,0,
7/17/20,346,9,10954,230,6,6593,29,24,,,0.032826124,0,
7/18/20,244,7,10217,258,1,7187,30,22,,,0.028843944,0,
7/19/20,183,5,7845,195,-2,6176,31,24,,,0.026959561,0,
7/20/20,187,0,7815,195,1,6022,30,26,,,0.02760714,0,
7/21/20,192,4,6407,220,7,6105,31,25,,,0.032928389,0,
7/22/20,352,4,6995,308,9,6800,32,25,,,0.047843422,0,
7/23/20,386,6,8234,285,2,7034,32,24,,,0.043948127,0,
7/24/20,365,5,10554,251,8,7959,29,25,,,0.033273916,0,
7/25/20,335,1,7723,209,6,6813,30,27,,,0.037424326,0,
7/26/20,355,-1,10788,273,2,6931,30,25,,,0.035442181,0,
7/27/20,268,9,6757,157,3,4918,30,24,,,0.03640257,0,
7/28/20,288,9,6394,145,6,4562,29,23,,,0.039521723,0,
7/29/20,311,5,6605,249,2,5320,28,26,,,0.046960168,0,
7/30/20,370,5,8886,316,3,7000,28,26,,,0.043182677,0,
7/31/20,455,8,10592,351,6,8672,30,26,,,0.041839701,0,
8/1/20,378,3,9385,260,-1,6293,29,27,,,0.040693966,0,
8/2/20,396,0,9142,186,5,6441,28,28,,,0.037348392,0,
8/3/20,341,3,6844,193,1,4374,28,29,,,0.047602068,0,
8/4/20,203,2,9945,294,1,7287,28,30,,,0.02884169,0,
8/5/20,312,7,8091,369,2,7335,30,29,,,0.044146247,0,
8/6/20,350,1,6756,375,1,6833,29,29,,,0.053351976,0,
8/7/20,317,8,9927,535,1,8523,27,30,,,0.046178862,0,
8/8/20,453,-1,10046,410,2,8389,26,29,,,0.046813127,0,
8/9/20,299,3,9047,283,4,7601,27,31,,,0.034959154,0,
8/10/20,253,0,8802,248,0,6257,26,30,,,0.033269141,0,
8/11/20,227,2,7991,309,2,7079,26,28,,,0.035567352,0,
8/12/20,255,1,6029,305,1,5588,25,28,,,0.048205216,0,
8/13/20,383,5,6294,361,4,6962,26,29,,,0.056125528,0,
8/14/20,490,5,10429,446,3,8008,27,28,,,0.050767478,0,
8/15/20,317,1,10035,303,1,8601,28,29,,,0.033268942,0,
8/16/20,337,5,7876,279,4,6488,27,28,,,0.04288499,0,
8/17/20,293,2,9669,367,0,7514,28,28,,,0.038410056,0,
8/18/20,242,1,7480,309,8,6820,30,29,,,0.038531469,0,
8/19/20,437,5,7247,404,6,6499,30,29,,,0.061181435,0,
8/20/20,358,1,9342,387,3,8232,29,30,,,0.04239217,0,
8/21/20,447,7,9674,440,2,9004,28,31,,,0.047489025,0,
8/22/20,453,6,9918,470,5,9243,30,29,,,0.048170764,0,
8/23/20,354,4,8960,387,1,8010,31,30,,,0.043665292,0,
8/24/20,300,1,7963,269,1,6340,29,31,,,0.039781864,0,
8/25/20,244,2,7749,302,5,5702,28,31,,,0.040591778,0,
8/26/20,328,4,7047,421,5,7740,30,32,,,0.0506526,0,
8/27/20,221,2,5939,298,6,5388,30,32,,,0.045819723,0,
8/28/20,516,5,8417,366,1,6952,31,32,,,0.057388249,0,
8/29/20,218,1,8267,333,0,7220,29,33,,,0.035578227,0,
8/30/20,435,6,8878,444,2,9729,30,30,,,0.047240286,0,
8/31/20,301,1,7880,273,2,5324,32,30,,,0.043471675,0,
9/1/20,156,3,4883,259,5,3902,30,29,,,0.047239613,0,
9/2/20,284,4,5604,340,4,5283,29,28,,,0.057316065,0,
9/3/20,170,4,6689,226,3,5899,28,26,,,0.031458532,0,
9/4/20,718,3,20189,815,3,20765,29,26,,,0.037432241,0,
9/5/20,523,3,10214,548,3,10612,28,26,,,0.051426102,0,
9/6/20,210,1,7861,252,1,6802,25,24,,,0.031507877,0,
9/7/20,288,2,5102,256,1,4069,24,25,,,0.059317414,0,
9/8/20,194,-1,8828,256,0,5841,24,26,,,0.030676938,0,
9/9/20,128,3,6211,201,1,5280,24,25,,,0.028631103,0,
9/10/20,234,1,5061,328,2,6902,23,24,,,0.046978183,0,
9/11/20,376,4,7959,347,5,8265,21,25,,,0.044563609,0,
9/12/20,328,10,8651,338,6,8078,22,25,,,0.039811106,0,
9/13/20,258,3,8316,191,2,7890,22,25,,,0.027705788,0,
9/14/20,257,0,7931,216,1,5983,21,26,,,0.033994538,0,
9/15/20,185,3,5649,231,0,5099,19,26,,,0.038704875,0,
9/16/20,248,4,7120,308,5,7890,19,26,,,0.037041972,0,
9/17/20,400,-1,7493,347,1,7992,20,26,,,0.048240232,0,
9/18/20,269,3,11398,318,1,8188,18,25,,,0.029970387,0,
9/19/20,455,5,11609,541,2,19385,18,24,,,0.032135252,0,
9/20/20,275,2,9534,237,3,7584,19,23,,,0.029910036,0,
9/21/20,245,1,6600,250,4,5252,18,23,,,0.041765103,0,
9/22/20,201,2,6935,294,3,5849,20,22,,,0.038720275,0,
9/23/20,302,4,6418,243,4,5721,20,23,,,0.044896614,0,
9/24/20,356,5,8578,451,2,9649,20,23,,,0.044274977,0,
9/25/20,362,0,11229,423,7,11135,20,23,,,0.035101055,0,
9/26/20,407,4,11525,462,5,10301,21,24,,,0.0398149,0,
9/27/20,275,4,9749,275,3,7477,22,26,,,0.03192848,0,
9/28/20,376,4,8398,305,3,7717,25,23,,,0.042258765,0,
9/29/20,174,3,7818,208,1,6668,24,23,,,0.026370289,0,
9/30/20,326,1,6410,439,3,7813,23,24,,,0.053786121,0,
10/1/20,415,2,10110,275,2,9329,22,24,,,0.035495653,0,
10/2/20,332,2,12509,433,8,11003,21,23,,,0.032536577,0,
10/3/20,451,4,12814,473,2,12531,21,25,,,0.036456895,0,
10/4/20,239,8,10494,301,3,9005,20,26,,,0.027693728,0,
10/5/20,339,0,8392,407,4,6738,22,28,,,0.049306015,0,
10/6/20,192,3,8421,269,5,6222,23,31,,,0.03148262,0,
10/7/20,324,4,6593,488,1,8371,24,31,,,0.054263566,0,
10/8/20,513,0,11708,557,6,11487,26,31,,,0.046130632,0,
10/9/20,440,4,12912,477,6,11153,28,33,,,0.038105132,0,
10/10/20,575,3,12784,552,6,11725,28,32,,,0.045983108,0,
10/11/20,562,0,14162,443,2,10501,30,34,,,0.040749301,0,
10/12/20,506,1,10872,542,3,8405,29,33,,,0.054365306,0,
10/13/20,487,4,10544,672,7,9148,28,31,,,0.058856388,0,
10/14/20,452,4,8362,395,2,8003,28,32,,,0.051756798,0,
10/15/20,709,4,8724,753,7,9638,30,34,,,0.079620956,0,
10/16/20,774,4,14603,836,3,14637,29,34,,,0.05506156,0,
10/17/20,885,6,14569,690,5,15028,30,33,,,0.053214853,0,
10/18/20,932,3,16686,760,4,14725,33,36,,,0.05386648,0,
10/19/20,566,1,11192,720,6,8803,32,38,,,0.064316079,0,
10/20/20,542,2,10460,717,3,9522,36,42,,,0.063006706,0,
10/21/20,906,6,9808,776,6,10456,40,47,,,0.083004343,0,
10/22/20,1025,4,14165,875,5,13187,41,49,,,0.069464756,0,
10/23/20,803,0,15388,595,2,11878,41,50,,,0.051272647,0,
10/24/20,1182,6,14053,1198,11,15414,43,54,,,0.080768317,0,
10/25/20,1047,6,14347,722,6,13529,45,55,,,0.063459607,0,
10/26/20,926,8,12888,953,4,10638,47,59,,,0.079869081,0,
10/27/20,652,3,11296,715,3,9743,51,59,,,0.064974571,0,
10/28/20,999,6,10260,1277,5,10541,54,62,,,0.109417816,0,
10/29/20,1405,8,11726,1136,5,13552,56,66,,,0.100522193,0,
10/30/20,1507,2,18336,1249,4,15117,60,65,,,0.082384241,0,
10/31/20,1686,6,17411,1569,10,17072,65,67,,,0.094394339,0,
11/1/20,1888,4,19536,1554,11,15799,67,69,,,0.0974105,0,
11/2/20,1473,4,15889,1165,6,11359,72,77,,,0.096814445,0,
11/3/20,1184,2,14985,1260,5,13576,73,81,,,0.085571234,0,
11/4/20,1387,17,11226,1605,7,11967,73,84,,,0.129004441,0,
11/5/20,2994,10,14513,2683,23,14478,79,87,,,0.195819392,0,
11/6/20,1771,10,16063,1642,2,15241,84,92,,,0.1090276,0,
11/7/20,2300,9,17132,2358,17,18082,89,98,,,0.132276935,0,
11/8/20,1890,7,17315,1848,20,16825,94,101,,,0.109490334,0,
11/9/20,2435,1,14185,2013,5,12070,99,102,,,0.169415349,0,
11/10/20,2080,15,19848,2235,7,15848,102,106,,,0.120881892,0,
11/11/20,1860,16,15085,2177,34,14453,112,108,,,0.136671406,0,
11/12/20,2699,7,15569,2556,1,17319,112,110,,,0.159784724,0,
11/13/20,2986,2,18712,2959,2,17378,108,108,,,0.164727071,0,
11/14/20,2012,22,21632,1718,46,21205,112,111,,,0.087074258,0,
11/15/20,2277,13,20365,2432,7,16140,118,114,,,0.128996028,0,
11/16/20,2442,3,16720,2065,16,15548,118,120,,,0.13967398,0,
11/17/20,2067,12,19547,2329,7,16029,118,121,,,0.123566449,0,
11/18/20,1445,44,17316,980,33,16998,115,120,,,0.070670863,0,
11/19/20,2841,15,17879,3014,20,20360,110,117,,,0.153115929,0,
11/20/20,2334,12,20386,2115,37,18969,112,118,,,0.113047897,0,
11/21/20,2145,17,22872,2148,33,18953,108,120,,,0.102641961,0,
11/22/20,1936,19,18726,1934,20,14583,106,118,,,0.116184815,0,
11/23/20,1689,19,21730,1632,15,17266,103,113,,,0.085162581,0,
11/24/20,1537,23,17404,1370,21,17051,98,109,,,0.084370919,0,
11/25/20,2005,17,22485,2183,8,21007,98,108,,,0.096293571,0,
11/26/20,2611,3,23129,2206,26,17357,96,100,,,0.1189794,0,
11/27/20,1478,16,18802,1263,10,14208,95,100,,,0.083035444,0,
11/28/20,1200,30,14685,1512,45,13269,100,98,,,0.097016527,0,
11/29/20,1198,11,10353,1440,22,11822,100,101,,,0.118962796,0,
11/30/20,974,24,11229,1175,41,12001,99,98,,,0.092509686,0,
12/1/20,1965,14,17415,2388,6,24624,100,97,,,0.103546707,0,
12/2/20,1441,37,14057,1971,35,14076,99,95,,,0.121281058,0,
12/3/20,2227,11,18147,1963,32,17410,101,103,,,0.117838963,0,
12/4/20,1757,19,19663,2041,7,18371,97,100,,,0.099858022,0,
12/5/20,1896,30,18440,1795,34,17790,95,104,,,0.101876898,0,
12/6/20,1649,13,15159,1541,8,14702,98,105,,,0.106828304,0,
12/7/20,1862,24,15948,1828,38,15465,96,104,,,0.117467291,0,
12/8/20,1179,19,15891,1332,14,16012,90,103,,,0.078707332,0,
12/9/20,1309,17,12616,1580,47,13092,91,106,,,0.11237747,0,
12/10/20,2098,36,18926,2463,22,19446,90,105,,,0.118862712,0,
12/11/20,1836,51,18608,1514,19,14678,87,106,,,0.100642913,0,
12/12/20,1724,3,19040,1733,29,19460,90,107,,,0.089792208,0,
12/13/20,1473,10,11353,1475,18,10544,90,107,,,0.134630315,0,
12/14/20,1691,43,19129,1367,45,16629,91,108,,,0.085519324,0,
12/15/20,1197,3,16716,1350,10,14515,92,105,1,,0.081553585,1.90E-07,
12/16/20,1209,24,15651,894,14,15464,90,98,1,0,0.06758798,1.90E-07,
12/17/20,1829,26,15319,1315,41,14568,85,96,1,0,0.105196239,1.90E-07,
12/18/20,1385,43,16090,1374,33,17518,81,92,1,0,0.082093549,1.90E-07,
12/19/20,1267,3,17407,1537,22,15129,82,94,1,0,0.086181461,1.90E-07,
12/20/20,1132,16,15589,1132,23,13025,76,96,1,0,0.079122108,1.90E-07,
12/21/20,1013,25,20882,907,45,17074,69,89,1,0,0.050584888,1.90E-07,
12/22/20,1067,21,15249,1285,19,15621,76,95,1,0,0.076190476,1.90E-07,
12/23/20,1071,27,14196,1278,22,12488,75,93,1,0,0.08803028,1.90E-07,
12/24/20,1112,22,17709,1275,13,17510,71,89,1,0,0.067775916,1.90E-07,
12/25/20,1024,26,16188,1093,41,16761,64,83,1,0,0.064250812,1.90E-07,
12/26/20,771,15,13805,496,12,10254,66,82,1,0,0.052662205,1.90E-07,
12/27/20,761,25,10169,690,24,8000,70,82,1,0,0.079861302,1.90E-07,
12/28/20,722,6,11679,816,10,9979,70,84,1,0,0.071013021,1.90E-07,
12/29/20,903,15,10644,1014,16,12197,69,81,1,0,0.083928024,1.90E-07,
12/30/20,1177,36,11739,1364,31,11849,63,78,1,0,0.107724267,1.90E-07,
12/31/20,1391,17,14298,1334,17,15114,64,75,1,0,0.092649259,1.90E-07,
1/1/21,1272,25,16940,1280,31,17600,61,73,1,0,0.07388535,1.90E-07,
1/2/21,890,1,13722,848,4,11020,63,78,1,0,0.070244928,1.90E-07,
1/3/21,853,28,6901,814,36,8199,61,77,1,0,0.110397351,1.90E-07,
1/4/21,1005,21,11265,843,19,9723,62,76,31,48,0.088050314,1.50E-05,
1/5/21,1202,16,13051,1328,17,13099,62,76,119,223,0.096749522,6.48E-05,
1/6/21,1192,9,12647,1495,34,12699,65,76,424,591,0.106012783,0.000192397,
1/7/21,1778,27,17031,1553,23,18440,67,75,3155,2223,0.093907699,0.001019422,
1/8/21,1766,18,18442,1733,26,18602,65,77,7085,6038,0.094455242,0.002487517,
1/9/21,1392,15,18303,1095,9,17385,66,77,9919,8826,0.06968729,0.00355319,
1/10/21,894,31,15586,905,28,13734,66,77,11294,10243,0.061357435,0.004082425,
1/11/21,857,15,13290,824,28,11430,66,75,14104,13531,0.068001618,0.005238325,
1/12/21,1287,8,12778,1401,13,15624,64,76,16997,16020,0.094641222,0.006258505,
1/13/21,888,14,11590,1170,13,10373,65,75,18928,18601,0.093703046,0.007113773,
1/14/21,1509,7,19703,932,5,19968,60,73,21715,21329,0.061531093,0.008159163,
1/15/21,1266,20,16663,1346,26,17541,60,72,22064,21838,0.076365337,0.008321801,
1/16/21,984,13,16409,1131,31,15575,61,71,22304,22265,0.066126813,0.008448233,
1/17/21,865,13,19944,839,11,18433,60,69,22413,22534,0.044401595,0.008519885,
1/18/21,595,12,12560,657,18,11536,58,69,22927,24077,0.051958831,0.008909797,
1/19/21,775,11,8494,772,8,9616,58,67,23933,25275,0.085422419,0.009327574,
1/20/21,672,16,13513,905,9,12563,58,65,25871,27498,0.060477067,0.010116308,
1/21/21,743,22,14677,910,24,14953,57,64,27866,29959,0.055788053,0.010960961,
1/22/21,1226,35,17422,1313,9,21198,55,61,29178,31244,0.065743138,0.011453233,
1/23/21,956,22,18876,987,5,16849,54,57,29508,31930,0.054387684,0.01164582,
1/24/21,622,5,15446,705,15,15553,54,57,30438,32558,0.042807833,0.011941145,
1/25/21,529,7,14525,579,11,14702,50,55,31903,33690,0.037910152,0.012433417,
1/26/21,514,0,8273,746,10,9671,47,54,34278,36801,0.070218457,0.01347331,
1/27/21,629,14,11318,622,8,10485,48,52,37628,39286,0.057377425,0.014579358,
1/28/21,812,21,15015,758,26,13875,45,50,40780,41512,0.054344064,0.015598779,
1/29/21,675,8,18358,790,8,19910,43,47,43660,43296,0.038282638,0.016482859,
1/30/21,599,12,18811,562,13,16830,42,47,44984,44520,0.032574844,0.016965843,
1/31/21,473,13,15499,419,8,14935,41,44,45961,45468,0.029309325,0.017330734,
2/1/21,408,0,12041,443,13,11551,39,44,47796,46747,0.03607155,0.017921006,
2/2/21,324,23,6532,329,0,7919,39,42,50757,50395,0.045187184,0.019173768,
2/3/21,473,9,13043,533,16,11461,38,42,53002,52788,0.041054522,0.02005292,
2/4/21,577,17,16093,564,3,15866,37,42,56207,56258,0.035701993,0.021318193,
2/5/21,620,9,17364,695,22,18366,36,42,58681,58770,0.036803806,0.022263309,
2/6/21,570,13,16053,570,6,13453,35,43,61195,61254,0.03863621,0.0232107,
2/7/21,416,8,12960,398,2,13496,37,43,61805,62240,0.030768068,0.023513228,
2/8/21,229,4,10462,335,14,8179,38,42,64532,64769,0.030255888,0.024509524,
2/9/21,266,6,6504,373,0,6949,35,40,67014,68191,0.047498699,0.025628651,
2/10/21,398,9,9944,512,7,9959,34,37,70740,72041,0.04572175,0.027064712,
2/11/21,575,25,15499,339,29,16072,35,37,76625,79012,0.028950619,0.029501619,
2/12/21,535,11,17406,457,3,18216,34,34,80777,85853,0.027847959,0.031585386,
2/13/21,392,1,14189,376,5,13058,34,33,83404,91228,0.028186589,0.033102197,
2/14/21,272,8,12757,301,7,9972,32,31,85228,93843,0.025210084,0.033943628,
2/15/21,244,5,10101,264,19,10082,28,30,86628,94949,0.025169697,0.03441865,
2/16/21,195,13,6482,253,11,6470,27,30,88608,97684,0.034589253,0.035312397,
2/17/21,123,7,7989,431,2,7267,25,28,93467,102588,0.036313582,0.037163013,
2/18/21,259,8,9427,303,20,9188,24,31,99727,109013,0.030190706,0.039567506,
2/19/21,271,9,14550,433,6,12528,23,29,105330,115629,0.025998966,0.041883667,
2/20/21,333,3,12994,356,7,11569,23,29,106233,116708,0.02805032,0.042259363,
2/21/21,272,4,14880,284,5,11187,24,29,111546,123832,0.021329651,0.044616846,
2/22/21,233,5,8176,223,19,6267,24,29,115136,127341,0.031572388,0.04596249,
2/23/21,221,12,8616,321,1,7707,24,28,121195,133298,0.033204681,0.048240171,
2/24/21,412,7,11578,340,9,9661,24,28,133860,141268,0.035406563,0.052151618,
2/25/21,231,8,14656,290,1,14246,22,24,142340,148929,0.018026434,0.05521121,
2/26/21,587,13,16446,401,10,14605,19,25,150867,157890,0.031818621,0.05852613,
2/27/21,419,6,15304,331,6,12238,20,27,160185,165672,0.027231138,0.061767504,
2/28/21,236,5,12821,217,3,9073,19,26,164434,168412,0.0206906,0.063092297,
3/1/21,253,7,8061,235,3,7499,20,26,170099,173384,0.031362468,0.065108583,
3/2/21,299,5,8548,202,26,7132,21,25,177684,179496,0.031951531,0.067704905,
3/3/21,388,4,12307,320,2,9289,20,25,186506,187013,0.032783849,0.070802028,
3/4/21,559,4,13255,182,7,11658,22,24,202908,197778,0.029743507,0.075951642,
3/5/21,319,11,17952,227,0,16527,21,24,214301,205484,0.015835726,0.079571934,
3/6/21,531,3,14549,586,16,12349,22,22,225930,212993,0.041527251,0.083199619,
3/7/21,207,5,13785,179,1,9836,23,23,228839,214827,0.016341391,0.084098673,
3/8/21,229,2,9045,248,0,7581,22,23,237896,221403,0.028690004,0.087061971,
3/9/21,244,2,6631,308,0,6257,21,24,248813,228558,0.04283054,0.090487592,
3/10/21,231,2,10245,343,5,9008,22,24,260591,237178,0.029813536,0.094354115,
3/11/21,298,11,15453,316,19,13757,21,25,274207,244379,0.021020199,0.098300061,
3/12/21,301,0,16874,385,2,16506,20,24,289211,254326,0.020551228,0.103029623,
3/13/21,387,12,13794,250,1,10725,19,25,299028,262135,0.025979852,0.106370702,
3/14/21,276,2,12660,273,3,10264,19,27,309894,268365,0.0239487,0.109611318,
3/15/21,175,4,8712,134,3,6333,21,27,318034,274470,0.020538385,0.112311515,
3/16/21,361,1,9022,503,7,7639,23,26,327620,281759,0.051857632,0.115510239,
3/17/21,245,6,12629,328,0,10046,24,26,335545,288673,0.025270121,0.118323031,
3/18/21,540,5,15605,512,4,15000,25,27,345112,296401,0.034373468,0.121601368,
3/19/21,492,1,17709,467,1,16396,28,29,354051,303743,0.028119044,0.124687497,
3/20/21,415,8,15389,457,3,13249,30,29,361486,310523,0.030449054,0.127382007,
3/21/21,348,8,13958,299,8,10873,33,29,364881,312648,0.02605614,0.128428345,
3/22/21,252,3,9544,292,13,7772,33,32,370774,318221,0.031416031,0.130601771,
3/23/21,288,9,7240,403,0,6843,35,34,377044,324469,0.04906625,0.132974609,
3/24/21,523,3,12925,654,0,11210,37,35,382706,330354,0.04876735,0.135163389,
3/25/21,437,2,17096,414,7,14200,38,36,390076,337844,0.027191973,0.137980162,
3/26/21,745,10,15250,580,2,12949,38,36,399179,349103,0.046987482,0.141839861,
3/27/21,658,2,17454,473,4,14187,37,37,408415,362337,0.035744762,0.146099139,
3/28/21,638,3,14542,444,4,10879,37,39,412419,365478,0.042563235,0.147453503,
3/29/21,389,0,10585,419,1,9208,38,39,417943,371740,0.040822513,0.149687587,
3/30/21,490,7,7679,508,2,8277,36,40,426872,382982,0.062547004,0.153511081,
3/31/21,554,3,12709,475,17,10973,38,42,433540,392815,0.043450722,0.156638912,
4/1/21,745,3,19300,799,4,17476,38,40,443599,403823,0.041983903,0.160632246,
4/2/21,752,9,17430,733,6,16029,39,40,455871,417463,0.044382677,0.16554397,
4/3/21,701,2,14485,592,3,12517,44,44,466461,430643,0.047885342,0.170049669,
4/4/21,501,3,14816,461,7,12581,44,43,469770,436866,0.035113334,0.171856498,
4/5/21,558,2,11649,476,3,10380,44,45,478971,449439,0.046938127,0.175983847,
4/6/21,593,3,8463,584,-1,7810,49,46,493209,464125,0.072328397,0.181466507,
4/7/21,790,6,12309,658,1,11770,50,46,506798,481129,0.060135388,0.187265534,
4/8/21,873,4,18790,725,20,17227,54,49,524724,499729,0.044367937,0.194189184,
4/9/21,844,4,18553,736,2,18412,56,48,548270,522207,0.042743135,0.202913218,
4/10/21,863,4,16574,757,1,15582,57,47,566105,540434,0.0503794,0.209748915,
4/11/21,523,3,15908,624,1,11578,58,50,573366,548956,0.041730335,0.212740646,
4/12/21,565,4,10430,550,12,10754,60,49,587820,565184,0.052634063,0.218556542,
4/13/21,578,4,10462,609,1,8507,59,49,605275,582759,0.062575782,0.22519662,
4/14/21,687,4,13966,637,11,12037,58,49,619539,599099,0.050917202,0.230997731,
4/15/21,771,4,18935,638,7,20128,57,50,638149,618709,0.036069938,0.238242485,
4/16/21,805,0,16386,761,5,15997,57,54,656447,638220,0.048358707,0.245409333,
4/17/21,659,11,17383,609,1,14353,56,55,670348,654022,0.039954626,0.251039656,
4/18/21,519,0,14727,533,5,12431,57,57,676380,663175,0.038736284,0.253918034,
4/19/21,456,9,10719,402,2,10099,55,60,687325,678913,0.041214334,0.258975904,
4/20/21,412,4,9838,634,0,9362,54,60,706050,695961,0.054479167,0.26575682,
4/21/21,562,6,13694,432,2,11342,56,57,723924,713526,0.039702828,0.272474425,
4/22/21,621,6,15953,641,7,17953,54,55,741088,728762,0.037220551,0.278615975,
4/23/21,644,3,16841,604,6,17689,51,52,755957,744711,0.036142485,0.284457651,
4/24/21,683,3,17803,552,6,15167,52,51,767086,757937,0.037458295,0.289074239,
4/25/21,392,8,13615,436,8,10088,51,47,771550,761766,0.034932287,0.290646211,
4/26/21,400,2,10259,438,4,9313,53,48,782779,773833,0.042816268,0.295062061,
4/27/21,405,11,9398,567,0,9446,54,48,796143,788322,0.051581405,0.300341709,
4/28/21,448,10,13986,483,6,12130,53,49,810087,804880,0.035648645,0.306123486,
4/29/21,654,10,16064,737,5,18315,52,49,825126,821078,0.040460746,0.312044585,
4/30/21,601,4,18179,564,6,19180,52,48,837520,835186,0.031183918,0.317068145,
5/1/21,530,3,15024,622,5,14200,53,47,842970,843757,0.039419655,0.319725882,
5/2/21,401,8,15234,369,2,11447,54,48,844087,845809,0.028859488,0.320326579,
5/3/21,445,2,10408,395,15,9864,54,45,851042,853727,0.041436464,0.323145816,
5/4/21,418,7,9597,453,2,9384,55,44,865367,869553,0.045887993,0.328861059,
5/5/21,455,9,11219,455,3,10736,55,44,879667,883572,0.041448417,0.334229039,
5/6/21,292,7,15932,348,5,19587,55,44,891350,894746,0.018018525,0.338561675,
5/7/21,699,9,17934,673,6,18343,52,45,907397,912231,0.037820106,0.344917801,
5/8/21,354,6,15868,321,3,13127,51,46,921060,925576,0.023279876,0.350037276,
5/9/21,373,5,13616,385,7,11720,50,47,931499,935740,0.029917903,0.353942657,
5/10/21,322,6,8964,339,1,8205,48,49,942758,944236,0.038499621,0.357687297,
5/11/21,249,6,7685,298,9,7637,44,48,954524,956950,0.0357003,0.362327579,
5/12/21,272,6,12509,349,3,10541,44,47,965437,968403,0.026941432,0.366567144,
5/13/21,329,9,15796,433,4,16179,40,43,976189,980156,0.023831118,0.370833058,
5/14/21,369,7,15080,375,7,16976,39,39,991952,997537,0.023209384,0.377115636,
5/15/21,275,13,14005,300,9,13919,40,36,1002020,1008888,0.020591606,0.381175694,
5/16/21,242,5,10143,306,3,9177,39,34,1005208,1013624,0.028364389,0.38267772,
5/17/21,208,0,6815,229,3,6499,40,32,1012078,1020750,0.032822593,0.385330718,
5/18/21,251,9,10888,326,5,9974,42,31,1023869,1031533,0.027657943,0.38960971,
5/19/21,281,7,12473,339,6,11037,40,28,1034659,1041813,0.026371757,0.393603613,
5/20/21,309,8,14727,354,7,14944,41,28,1051306,1055480,0.022345051,0.399349754,
5/21/21,252,1,14688,429,2,14389,39,27,1061395,1064468,0.023420573,0.402965876,
5/22/21,219,12,11608,291,9,11726,37,28,1070236,1073428,0.021856518,0.406340127,
5/23/21,187,2,10211,257,7,9479,36,29,1073460,1076528,0.022549518,0.407538867,
5/24/21,200,7,7861,271,1,6676,33,28,1080395,1082014,0.032400083,0.409893317,
5/25/21,129,4,6313,169,6,7766,32,28,1087535,1089314,0.021166276,0.412630477,
5/26/21,196,0,9985,250,5,9940,33,28,1095105,1096652,0.02238394,0.415456348,
5/27/21,139,7,12652,272,9,11915,31,26,1102580,1103866,0.016729759,0.418240707,
5/28/21,208,7,11352,227,3,11251,28,24,1109411,1110932,0.019245233,0.42087494,
5/29/21,107,5,12665,183,9,11581,25,21,1114831,1116082,0.011960736,0.422878526,
5/30/21,131,5,8839,152,3,8063,23,19,1117892,1118660,0.016743581,0.423947421,
5/31/21,102,4,5778,140,23,5319,22,19,1120241,1120635,0.021807696,0.424767052,
6/1/21,62,4,5135,148,2,5563,23,20,1125172,1124824,0.019629837,0.426495785,
6/2/21,9,0,5178,189,4,6325,21,18,1130041,1129340,0.017212901,0.428274749,
6/3/21,128,7,10371,138,1,9435,21,18,1138454,1136789,0.013430274,0.431281455,
6/4/21,106,1,13085,108,2,13154,20,18,1147314,1145231,0.008155799,0.434561119,
6/5/21,93,9,10404,116,7,9572,19,17,1155131,1152389,0.010462555,0.43739969,
6/6/21,80,7,8420,69,4,8789,21,17,1161092,1158084,0.00865826,0.439609132,
6/7/21,56,6,6349,42,5,6204,21,17,1170246,1164113,0.007806899,0.442487131,
6/8/21,104,14,6148,31,-10,6419,18,16,1178761,1172645,0.010742421,0.445718458,
6/9/21,93,7,8791,56,3,7515,18,15,1188140,1181603,0.009137741,0.44919431,
6/10/21,86,5,9194,58,1,8240,16,14,1193974,1187423,0.008259722,0.451403373,
6/11/21,76,8,8144,82,3,8064,17,12,1199677,1192842,0.009748272,0.453511592,
6/12/21,40,5,14658,48,4,9588,18,13,1203204,1197200,0.003629465,0.455006226,
6/13/21,56,2,11766,60,2,6959,16,13,1206900,1201297,0.006194927,0.45648342,
6/14/21,27,0,8461,25,3,5004,14,13,1219467,1209632,0.003861864,0.460445478,
6/15/21,30,10,11747,44,2,6457,13,12,1228382,1216926,0.004065041,0.46351796,
6/16/21,71,0,12794,60,13,7566,13,13,1234026,1222692,0.006434185,0.465680771,
6/17/21,56,3,12472,16,2,8390,11,12,1240614,1229545,0.003451251,0.468228567,
6/18/21,25,2,12025,-3,3,8421,8,10,1243378,1232850,0.001076005,0.46937897,
6/19/21,43,2,11065,57,0,7960,8,10,1248977,1238491,0.005256242,0.471509557,
6/20/21,39,1,11558,30,0,6974,9,9,1251287,1240626,0.003723289,0.472352125,
6/21/21,27,2,4766,32,1,4216,8,8,1254568,1243997,0.006568693,0.473613038,
6/22/21,42,0,10971,16,2,5917,9,8,1257426,1247456,0.003434391,0.474810451,
6/23/21,43,1,15587,26,0,7801,9,9,1261507,1251881,0.002950231,0.476422797,
6/24/21,38,5,14657,35,0,9078,8,8,1266511,1257218,0.003075627,0.478382975,
6/25/21,56,1,19458,30,2,9922,9,8,1278634,1269037,0.002927161,0.482921278,
6/26/21,40,3,10092,50,2,6189,8,8,1293442,1282612,0.005527916,0.488301389,
6/27/21,13,0,10798,21,2,6398,8,8,1294704,1283616,0.001977204,0.488730919,
6/28/21,21,-1,5679,25,1,2080,8,8,1297520,1286657,0.005928599,0.489841137,
6/29/21,29,5,15189,37,0,8800,8,10,1300906,1290502,0.002751261,0.491211802,
6/30/21,30,0,14445,20,2,7215,9,10,1304234,1294174,0.002308403,0.49253868,
7/1/21,58,1,8743,65,0,6596,8,9,1307143,1297508,0.008018776,0.493722066,
7/2/21,15,-1,10066,34,2,6959,8,8,1310076,1300715,0.00287812,0.494885927,
7/3/21,53,2,9923,52,0,6958,8,8,1312453,1303280,0.006220011,0.495822703,
7/4/21,5,1,2340,10,1,2309,8,9,1313642,1304408,0.0032265,0.4962619,
7/5/21,9,0,1114,8,0,1282,8,9,1313805,1304652,0.007095159,0.496339048,
7/6/21,99,5,12061,89,9,8864,8,8,1315777,1306392,0.008984468,0.497042673,
7/7/21,64,2,5568,28,1,4266,8,9,1318533,1309971,0.009355298,0.498243498,
7/8/21,88,3,6763,62,1,6304,8,11,1321479,1313035,0.011479299,0.499382717,
7/9/21,87,1,9331,95,2,7660,8,11,1324179,1316033,0.010711553,0.500462796,
7/10/21,60,2,10541,52,0,8148,8,11,1326526,1318371,0.00599283,0.501350857,
7/11/21,69,-1,8399,73,3,6032,9,11,1328056,1320307,0.009839928,0.502007851,
7/12/21,60,0,5481,50,3,3529,10,12,1331184,1323394,0.012208657,0.503185929,
7/13/21,62,4,6954,46,3,5724,9,12,1333595,1326169,0.008518694,0.504168956,
7/14/21,94,0,7775,75,0,5837,10,12,1335945,1328665,0.012415516,0.505087535,
7/15/21,114,1,9664,104,1,6901,11,11,1338087,1331207,0.013160278,0.505975406,
7/16/21,80,0,9237,67,1,5982,10,10,1340224,1333847,0.009658979,0.506880906,
7/17/21,122,5,8451,152,2,6435,11,11,1342083,1335858,0.018406556,0.50761448,
7/18/21,187,-1,8857,167,0,7002,11,12,1343492,1337177,0.02232171,0.508131583,
7/19/21,114,1,5710,97,1,4771,11,13,1345438,1339438,0.020131667,0.508929037,
7/20/21,64,2,5895,53,1,3947,12,14,1348058,1342258,0.011887828,0.509960211,
7/21/21,138,0,7757,133,0,5510,12,15,1350277,1344924,0.020426622,0.510886182,
7/22/21,291,1,11254,229,1,8415,13,16,1351674,1346685,0.026437541,0.511484794,
7/23/21,301,0,8362,192,1,6293,14,17,1353229,1348505,0.033640396,0.512124539,
7/24/21,157,0,10578,157,0,8221,14,16,1354254,1349575,0.016703016,0.512521654,
7/25/21,215,0,9487,184,1,7687,15,16,1354979,1350162,0.023232794,0.512770349,
7/26/21,179,0,6985,156,0,4639,16,15,1355969,1351156,0.028819683,0.513146424,
7/27/21,179,2,5914,145,1,4550,16,16,1358348,1353654,0.030963303,0.514070879,
7/28/21,276,2,8218,268,0,6704,18,18,1362510,1358048,0.036456239,0.515692703,
7/29/21,203,4,11163,165,1,8022,18,16,1364700,1360203,0.019181652,0.516516316,
7/30/21,316,1,12781,323,1,9475,17,17,1369556,1363727,0.028711359,0.518104778,
7/31/21,302,1,11412,333,1,8533,20,20,1371275,1365315,0.031837553,0.518731633,
8/1/21,249,0,11676,255,1,8641,19,20,1372584,1366471,0.024806812,0.519198884,
8/2/21,291,0,9190,259,3,6085,19,21,1374202,1368076,0.036006547,0.519809817,
8/3/21,340,4,9708,346,0,7427,21,22,1376382,1370315,0.040035016,0.520647456,
8/4/21,212,4,11819,307,1,8205,22,22,1378396,1372347,0.025918897,0.521414391,
8/5/21,450,2,13267,437,2,11095,24,25,1380387,1374507,0.036409162,0.52220123,
8/6/21,462,7,15949,488,0,12775,26,23,1382606,1376719,0.033073388,0.523041144,
8/7/21,320,3,16697,354,0,10589,26,26,1386619,1379643,0.024701312,0.52435608,
8/8/21,351,2,11341,309,0,9572,28,28,1388079,1381337,0.031559317,0.524953934,
8/9/21,411,0,11164,445,4,8866,29,29,1389620,1382889,0.042735896,0.525540224,
8/10/21,368,7,11154,313,1,8131,32,30,1390894,1384331,0.035312419,0.526055053,
8/11/21,446,1,13166,587,0,9485,33,36,1396790,1389700,0.045605051,0.528190379,
8/12/21,343,3,15327,376,2,11308,33,37,1401850,1393624,0.026994556,0.529893332,
8/13/21,408,8,16261,463,1,11330,33,40,1406131,1397419,0.031568265,0.531424171,
8/14/21,667,1,13828,518,1,10790,35,38,1412249,1402659,0.048135511,0.533577125,
8/15/21,437,1,13194,456,1,11558,35,39,1416600,1406138,0.036077893,0.535061333,
8/16/21,472,1,11251,321,2,8442,33,40,1418436,1408058,0.040268116,0.535773298,
8/17/21,425,8,9861,403,2,7928,33,40,1421081,1410839,0.046545618,0.536801818,
8/18/21,410,13,13733,482,2,10550,34,40,1423365,1413409,0.036733517,0.537721913,
8/19/21,422,3,16043,387,2,11942,32,38,1425501,1415815,0.028908344,0.538582868,
8/20/21,656,6,15373,655,0,16512,30,36,1427584,1418236,0.041116512,0.539436619,
8/21/21,611,3,16763,591,2,12986,28,39,1429959,1420419,0.040404719,0.540300606,
8/22/21,297,1,14278,308,5,14113,30,41,1431687,1421711,0.02130957,0.540873059,
8/23/21,404,0,9646,441,4,8678,33,42,1433476,1423762,0.046114386,0.541600947,
8/24/21,401,7,8783,379,1,7763,32,42,1436001,1426605,0.047141303,0.542618473,
8/25/21,565,7,13918,588,5,12226,34,43,1438379,1429480,0.044101897,0.5436142,
8/26/21,543,14,12890,532,11,10669,35,46,1440817,1431909,0.04563012,0.544536759,
8/27/21,709,0,17226,703,6,19127,35,44,1443223,1434974,0.038841361,0.545573809,
8/28/21,413,2,15930,310,1,12561,34,44,1446544,1437596,0.025376435,0.546700329,
8/29/21,733,0,15003,698,0,13868,34,43,1450511,1440382,0.049565308,0.547980387,
8/30/21,249,0,8603,323,3,8532,34,43,1452613,1442466,0.033381967,0.54877386,
8/31/21,627,7,15358,598,3,12881,35,44,1455238,1445191,0.043379723,0.549787974,
9/1/21,486,5,14663,683,4,13841,36,44,1457666,1447800,0.041011788,0.550742758,
9/2/21,564,26,16371,467,3,15356,36,42,1459742,1450038,0.032495981,0.551560494,
9/3/21,857,5,16889,754,4,17970,36,41,1461770,1452439,0.046214751,0.552400029,
9/4/21,589,3,18960,529,7,18520,36,43,1464041,1454519,0.029829242,0.553224778,
9/5/21,452,1,14124,397,4,15981,37,42,1465598,1455846,0.028201295,0.553771452,
9/6/21,331,0,9997,299,3,10962,36,42,1466658,1457019,0.030058686,0.554194726,
9/7/21,332,-1,9337,311,2,7547,35,45,1467616,1458511,0.038083393,0.554659134,
9/8/21,609,19,10180,412,3,9309,37,46,1470117,1461519,0.052388527,0.555703387,
9/9/21,567,2,15888,549,2,13439,35,43,1472215,1463906,0.038053671,0.556553536,
9/10/21,758,5,19776,652,4,18132,33,40,1474064,1466451,0.037195315,0.557386437,
9/11/21,517,8,19600,639,9,21739,32,38,1476124,1468630,0.027963908,0.558189956,
9/12/21,388,0,17404,412,9,17436,34,38,1477634,1470048,0.022962113,0.55874497,
9/13/21,232,0,11101,225,1,12742,35,38,1479140,1471912,0.019167051,0.559383767,
9/14/21,552,11,15329,653,5,12729,35,35,1481120,1474426,0.042946753,0.560235623,
9/15/21,489,7,14275,511,2,15299,34,32,1483021,1476770,0.033813485,0.56104028,
9/16/21,489,4,19205,628,2,22864,33,33,1484849,1479075,0.026551618,0.561823707,
9/17/21,485,6,15979,508,11,17820,34,33,1486634,1481504,0.029379567,0.562622487,
9/18/21,397,6,23869,492,1,27156,34,34,1488673,1483695,0.017422832,0.563424301,
9/19/21,438,1,26433,479,8,24575,33,32,1490293,1485076,0.017977572,0.563993153,
9/20/21,325,1,13738,345,6,16849,30,32,1491508,1486499,0.021904731,0.564493196,
9/21/21,416,4,13193,342,1,11965,28,33,1493832,1489080,0.030129581,0.565422959,
9/22/21,444,4,24415,495,7,23223,30,34,1495152,1490804,0.019711155,0.565999961,
9/23/21,420,3,23334,518,3,23998,29,32,1497539,1493349,0.01981746,0.566934841,
9/24/21,459,9,35248,490,8,29647,27,31,1499708,1495725,0.014623623,0.567796364,
9/25/21,286,8,30218,338,10,27881,27,30,1501624,1497730,0.010740288,0.568539606,
9/26/21,302,-1,24947,403,3,16353,27,32,1503055,1498951,0.017070218,0.569042303,
9/27/21,272,0,19803,323,1,27528,28,33,1504515,1500871,0.012571042,0.569682996,
9/28/21,175,11,11534,311,6,11727,26,31,1505982,1505830,0.020893341,0.57090107,
9/29/21,343,3,27655,421,1,18488,27,33,1507070,1507383,0.016557224,0.571401682,
9/30/21,409,5,36692,557,6,36978,26,35,1507760,1508435,0.013112529,0.571731885,
10/1/21,512,3,31140,514,5,36000,26,34,1509875,1510926,0.015281501,0.572604971,
10/2/21,441,5,27934,516,6,34075,27,34,1513004,1514607,0.015433244,0.573895834,
10/3/21,287,0,32373,429,4,26733,27,33,1514129,1515687,0.012113829,0.5743138,
10/4/21,263,1,18185,346,2,26077,24,31,1516151,1517650,0.013758981,0.575069173,
10/5/21,350,11,20687,516,2,21800,25,31,1517124,1519164,0.020382705,0.575540594,
10/6/21,396,7,27960,411,3,21189,27,33,1519399,1522177,0.016419459,0.576542955,
10/7/21,485,0,40408,605,7,33902,26,30,1520917,1523986,0.014668282,0.577173602,
10/8/21,381,6,28278,447,7,35416,24,29,1522319,1525843,0.012999655,0.577791358,
10/9/21,191,5,19251,242,7,29248,24,29,1523410,1527117,0.008928019,0.578239654,
10/10/21,406,0,29326,475,3,28592,24,28,1524278,1527953,0.015211161,0.578562654,
10/11/21,327,1,15475,292,0,11929,24,26,1525521,1529210,0.022587943,0.579036539,
10/12/21,233,0,17324,338,2,22542,23,27,1527126,1531129,0.014322982,0.579704527,
10/13/21,379,16,18340,476,1,17750,23,26,1528847,1533307,0.023690773,0.580443598,
10/14/21,316,5,20620,392,8,25371,22,25,1529998,1534789,0.015394316,0.580942694,
10/15/21,340,5,27339,379,6,36162,22,24,1532110,1537542,0.011322656,0.581864874,
10/16/21,484,5,27361,434,4,31589,22,22,1533336,1539043,0.015572519,0.582381788,
10/17/21,231,1,20720,313,4,30262,22,24,1534152,1539897,0.010670433,0.582698343,
10/18/21,230,0,13329,245,0,16547,24,28,1535316,1541319,0.015899049,0.58318853,
10/19/21,372,8,16499,320,2,10503,23,27,1536709,1543067,0.025627731,0.583783919,
10/20/21,408,6,22976,385,4,20524,22,26,1538097,1544914,0.018229885,0.584397126,
10/21/21,335,1,26139,355,5,30718,20,23,1539627,1546771,0.012135709,0.585039146,
10/22/21,393,2,25230,495,4,31804,20,22,1540967,1548671,0.01556966,0.585653301,
10/23/21,317,5,28635,334,8,35840,20,25,1542087,1550031,0.010096937,0.586123395,
10/24/21,230,0,22776,406,3,24337,21,24,1543123,1551014,0.013499459,0.586506104,
10/25/21,338,0,18001,315,1,17115,22,24,1544313,1552419,0.018595512,0.586997997,
10/26/21,330,14,15020,352,4,14278,21,25,1546118,1554458,0.023278039,0.587726643,
10/27/21,302,3,20512,262,3,19539,22,26,1547448,1556162,0.014082045,0.58830175,
10/28/21,406,7,26750,481,6,31484,23,27,1548685,1557733,0.015231652,0.588834017,
10/29/21,426,2,28719,508,1,30339,22,27,1551730,1571465,0.015814962,0.592014165,
10/30/21,445,6,28979,510,2,34654,21,26,1552907,1572846,0.015007936,0.592499044,
10/31/21,306,1,21781,371,4,32158,22,26,1553795,1573768,0.012551215,0.592842137,
11/1/21,288,-1,14413,324,5,15236,20,26,1554723,1574876,0.020641506,0.593228069,
11/2/21,346,12,14836,397,3,13885,21,26,1555813,1576451,0.025869573,0.59373323,
11/3/21,131,1,19518,231,9,19750,22,26,1556439,1577349,0.009218702,0.594022111,
11/4/21,662,3,27903,729,5,30626,21,25,1557592,1578670,0.023765996,0.594491067,
11/5/21,426,3,36179,488,4,39260,21,25,1558858,1580456,0.012115749,0.595069586,
11/6/21,487,0,30675,515,3,35822,22,27,1560682,1582600,0.015068349,0.595821737,
11/7/21,396,0,25958,428,2,35499,21,26,1561273,1583281,0.013407749,0.596062849,
11/8/21,334,2,14916,325,2,15311,24,28,1562070,1584364,0.0218017,0.596419211,
11/9/21,281,9,11304,270,1,11647,23,30,1563305,1586022,0.024007669,0.596967591,
11/10/21,705,4,26115,809,4,24789,22,32,1564309,1587459,0.02974226,0.597430292,
11/11/21,649,6,34117,823,3,37335,21,32,1565309,1588733,0.020601243,0.597861338,
11/12/21,606,0,34986,647,4,38298,22,32,1566300,1590235,0.017097866,0.598333896,
11/13/21,444,7,26230,495,4,35131,23,33,1567237,1591370,0.01530288,0.598726652,
11/14/21,509,0,19584,597,3,24638,26,35,1567815,1591941,0.025010176,0.598944449,
11/15/21,404,0,13886,390,0,19087,28,36,1568589,1592912,0.024080308,0.599275221,
11/16/21,365,5,15142,438,4,13674,30,36,1569608,1594213,0.027866463,0.599714987,
11/17/21,729,4,24112,889,3,20114,34,37,1570601,1595536,0.036584814,0.600153994,
11/18/21,751,7,30439,970,4,39245,33,37,1571595,1596777,0.024697205,0.600577647,
11/19/21,849,11,37222,989,9,40228,33,39,1572665,1598139,0.02373144,0.601038642,
11/20/21,590,4,31583,812,6,36311,36,40,1573540,1599206,0.020649837,0.601406756,
11/21/21,303,0,27486,342,1,31325,36,42,1574095,1599749,0.010967336,0.601614887,
11/22/21,830,0,21738,907,2,24542,35,45,1574988,1600833,0.037532411,0.601989635,
11/23/21,613,5,26674,833,1,20274,35,45,1576165,1602152,0.030800034,0.602462762,
11/24/21,614,1,22521,783,3,20249,37,50,1577273,1603601,0.032663082,0.602947451,
11/25/21,817,3,28515,826,3,26544,39,49,1577857,1604290,0.029840716,0.603188754,
11/26/21,321,0,20294,448,2,18967,39,49,1578475,1605054,0.019586867,0.603450717,
11/27/21,736,11,21963,677,3,12724,38,52,1579836,1606841,0.040735722,0.604047433,
11/28/21,363,0,14075,606,6,11894,41,52,1581869,1608606,0.03731372,0.604767359,
11/29/21,639,0,12059,887,3,13968,45,51,1584515,1611564,0.058631421,0.60582962,
11/30/21,551,11,19439,833,2,19838,46,52,1588464,1614697,0.035236907,0.607172042,
12/1/21,727,2,20214,807,3,21280,47,55,1591321,1616888,0.0369692,0.60812891,
12/2/21,1742,6,35788,1862,4,40645,47,58,1596856,1622036,0.047152408,0.610153916,
12/3/21,982,4,37271,1359,6,41309,47,59,1601214,1627869,0.029791295,0.612085661,
12/4/21,697,2,29802,1005,6,38034,52,61,1606055,1632448,0.025089923,0.61387126,
12/5/21,674,0,27242,763,11,19829,53,64,1609754,1635982,0.030528351,0.615242304,
12/6/21,1252,1,33698,1624,4,37171,54,67,1612545,1639285,0.040581919,0.616397446,
12/7/21,749,27,25633,1005,10,24438,59,68,1615793,1642781,0.035030257,0.617675799,
12/8/21,828,6,48480,900,2,40237,62,68,1618502,1646343,0.019477665,0.618864492,
12/9/21,1263,7,33928,1578,8,36702,65,67,1621918,1649881,0.040223701,0.62018265,
12/10/21,1017,0,35519,1191,6,41696,63,67,1625174,1652923,0.02859548,0.621376462,
12/11/21,1486,12,41413,1754,9,42059,62,71,1628137,1655989,0.038815411,0.622519283,
12/12/21,914,0,36815,1113,6,42718,63,73,1629547,1656962,0.025486276,0.62297099,
12/13/21,745,0,25647,775,5,20424,64,72,1632637,1660411,0.032992555,0.624210484,
12/14/21,1117,0,27212,1187,7,24501,65,75,1635581,1662983,0.044553594,0.625256064,
12/15/21,1662,38,27780,1811,4,25567,67,81,1638290,1665963,0.065102068,0.626334437,
12/16/21,2534,6,36142,2205,4,44357,67,82,1640241,1668075,0.058870297,0.627104595,
12/17/21,2436,0,45234,2197,11,47363,71,81,1641958,1670011,0.050034018,0.627797035,
12/18/21,2639,23,42854,2503,7,44721,74,81,1643924,1671911,0.058715387,0.628529851,
12/19/21,2072,1,29991,1832,4,32202,78,84,1645189,1672878,0.062772338,0.628952936,
12/20/21,3775,0,35171,2815,3,24324,82,90,1646643,1674582,0.110765611,0.629551547,
12/21/21,2362,31,48600,2084,6,38150,93,97,1648485,1676651,0.05125072,0.630292893,
12/22/21,4641,8,43823,3699,15,32697,99,97,1650646,1678678,0.108991113,0.631086745,
12/23/21,5216,3,44296,4668,16,44809,102,102,1652844,1680887,0.110925313,0.63192211,
12/24/21,6277,14,41380,4933,13,39683,104,106,1654286,1682046,0.138287505,0.63241514,
12/25/21,3840,0,43099,3186,8,37523,115,111,1654539,1682410,0.087147429,0.632532095,
12/26/21,3429,1,21051,2859,12,22233,125,116,1654882,1682736,0.14527308,0.632658906,
12/27/21,2810,0,27806,2384,3,23012,135,121,1656727,1684621,0.102207879,0.633365943,
12/28/21,4851,50,28789,4592,10,26110,143,130,1658939,1686790,0.172006776,0.634196379,
12/29/21,4911,7,32812,4855,12,30679,151,132,1661176,1688947,0.153817076,0.635029279,
12/30/21,5986,12,38913,6945,14,44135,158,132,1663324,1691261,0.155705134,0.635875069,
12/31/21,7700,21,44962,6184,21,38626,153,130,1664580,1692381,0.166100397,0.63632545,
1/1/22,5370,2,38768,5306,7,37769,169,146,1665043,1692837,0.139488091,0.63649965,
1/2/22,3378,0,27950,2790,6,22315,171,149,1665355,1693107,0.122709639,0.63660997,
1/3/22,5636,5,32225,4925,7,25793,174,154,1667226,1695194,0.182029715,0.637360225,
1/4/22,4450,35,26593,4246,19,24689,174,156,1669214,1697361,0.16957217,0.638147822,
1/5/22,5547,13,40465,6176,9,43205,185,162,1671027,1699415,0.140109956,0.638880828,
1/6/22,8434,20,54241,9379,8,51263,178,159,1672788,1701612,0.1688372,0.639631082,
1/7/22,7843,17,50143,8543,26,49462,173,156,1674653,1703844,0.164509814,0.640407685,
1/8/22,5693,30,44248,5188,13,50531,170,155,1676509,1705774,0.114803912,0.641125337,
1/9/22,5561,7,40738,5910,22,42615,168,158,1677669,1706961,0.137619522,0.64157022,
1/10/22,3600,4,32810,3844,11,31090,163,159,1679043,1708846,0.116494523,0.642187977,
1/11/22,3840,44,38509,4271,18,39794,161,161,1681110,1711185,0.103584792,0.643023152,
1/12/22,5143,28,41054,5704,27,45801,157,161,1683055,1713615,0.124886305,0.64385245,
1/13/22,5109,16,46861,6316,36,48200,149,157,1684856,1715837,0.120185986,0.644615026,
1/14/22,4342,15,49790,4958,30,57525,139,150,1686527,1717932,0.086660765,0.645328887,
1/15/22,4245,20,44852,5356,26,50492,132,143,1687565,1719206,0.100698523,0.645767136,
1/16/22,3634,1,41788,4115,18,45366,127,138,1688143,1719851,0.088911582,0.64599896,
1/17/22,2916,4,40398,3210,17,33363,117,131,1689340,1721009,0.083052019,0.64644536,
1/18/22,2405,2,32704,2912,13,31496,108,125,1691767,1723666,0.082819315,0.647409052,
1/19/22,2758,99,31217,3265,14,29855,104,118,1693781,1726332,0.098621299,0.648296165,
1/20/22,3566,41,54854,2651,31,38944,93,107,1695927,1728951,0.066280731,0.64919939,
1/21/22,8423,23,62192,7194,34,60548,87,98,1698033,1731254,0.127236435,0.650035134,
1/22/22,6593,33,59819,7482,30,58430,82,93,1699321,1732584,0.119028491,0.650531386,
1/23/22,1547,5,35661,2161,45,39385,76,87,1699919,1733220,0.049409695,0.650765296,
1/24/22,1019,34,22347,1101,20,21575,73,82,1701352,1735042,0.048267383,0.651382294,
1/25/22,984,25,15210,1317,30,17327,64,76,1703754,1737665,0.070719489,0.652334803,
1/26/22,1215,32,27828,1928,34,20856,60,73,1706053,1740543,0.064559198,0.653316124,
1/27/22,1255,17,43644,1871,39,40910,54,66,1708355,1743523,0.036970457,0.654317349,
1/28/22,1534,13,44880,1831,37,42623,49,61,1711109,1746730,0.038455824,0.65544728,
1/29/22,937,30,42076,1027,37,31165,44,58,1713422,1748841,0.026815581,0.656285867,
1/30/22,751,3,27858,1078,23,29744,41,58,1714570,1749923,0.03175237,0.656708573,
1/31/22,849,1,14382,796,8,18506,37,55,1716541,1752452,0.050018244,0.657561566,
2/1/22,558,60,15944,1053,13,21447,39,53,1719010,1755286,0.043085234,0.658566771,
2/2/22,802,6,29195,1271,12,24349,38,51,1720897,1757430,0.038715823,0.659330863,
2/3/22,1246,11,28866,1487,24,36010,34,46,1722618,1759618,0.042126518,0.66007183,
2/4/22,1593,10,45735,1148,19,41602,31,42,1724984,1762577,0.031384179,0.661081205,
2/5/22,546,25,75108,804,28,34037,29,42,1727214,1765125,0.012368867,0.661986894,
2/6/22,422,3,21975,542,24,17369,29,40,1728655,1766570,0.02450183,0.662533947,
2/7/22,1022,1,4668,667,9,3031,29,38,1730458,1768481,0.21937914,0.66323795,
2/8/22,614,41,14569,762,12,12304,29,37,1732858,1771211,0.051203811,0.664210363,
2/9/22,681,20,29061,344,25,17408,28,37,1735347,1774244,0.022057716,0.66525708,
2/10/22,712,13,41304,734,27,37261,24,36,1737742,1777073,0.018405142,0.66624731,
2/11/22,625,7,64767,941,22,62699,20,31,1739904,1779694,0.012285629,0.667153947,
2/12/22,273,4,35432,481,20,28660,21,30,1741893,1781973,0.011764339,0.667962963,
2/13/22,336,0,15727,539,12,14194,19,28,1743006,1783282,0.029243675,0.668422063,
2/14/22,501,0,8087,522,5,6781,18,27,1744378,1784900,0.068805488,0.66898883,
2/15/22,270,24,19770,433,7,20261,17,27,1746176,1787228,0.01756139,0.66977093,
2/16/22,352,12,17733,508,16,16954,18,25,1748391,1789582,0.02479315,0.670637002,
2/17/22,262,7,43998,375,7,35320,18,23,1751035,1792383,0.008030964,0.671669124,
2/18/22,404,8,38844,649,8,31568,18,21,1753247,1798093,0.014954837,0.673170771,
2/19/22,238,13,43641,350,15,37231,16,22,1754824,1799872,0.007270749,0.673806914,
2/20/22,238,1,21781,256,6,16092,17,22,1755809,1800862,0.013043593,0.674181283,
2/21/22,280,0,4677,229,10,2376,14,20,1757152,1802292,0.072167872,0.674706916,
2/22/22,188,0,12042,246,7,8947,15,19,1758689,1804219,0.020677498,0.675363531,
2/23/22,337,22,14289,443,22,14232,13,17,1759889,1805753,0.02734827,0.675881772,
2/24/22,402,11,32530,112,6,25224,12,16,1760889,1807091,0.008899816,0.676324949,
2/25/22,573,13,37379,193,6,36165,10,14,1761968,1808612,0.010415534,0.67681779,
2/26/22,608,6,56614,547,20,52518,12,14,1763086,1809884,0.010583514,0.677270824,
2/27/22,110,0,20118,142,4,12773,12,14,1763783,1810591,0.00766167,0.677536958,
2/28/22,244,1,7214,191,4,2901,12,14,1764675,1811831,0.043005437,0.677941087,
3/1/22,394,14,16284,359,4,8230,12,13,1765722,1813195,0.030717141,0.678398102,
3/2/22,298,9,28490,320,5,20801,13,13,1766776,1814560,0.012537786,0.678856633,
3/3/22,248,7,35473,222,9,27670,10,11,1767599,1815624,0.007443422,0.679214321,
3/4/22,242,8,37904,279,3,30279,10,11,1768460,1816641,0.007641201,0.679570304,
3/5/22,155,8,43290,286,3,38480,10,11,1769375,1817541,0.005393176,0.679914344,
3/6/22,126,0,18509,171,0,14300,9,11,1769902,1818038,0.009052394,0.680108448,
3/7/22,124,1,1951,138,1,2030,9,11,1770490,1818753,0.06581261,0.680355437,
3/8/22,144,2,9563,246,6,10766,10,11,1771108,1819557,0.019184416,0.680624982,
3/9/22,444,12,24694,314,-1,14736,9,11,1771719,1820646,0.019223941,0.680947224,
3/10/22,314,6,36327,339,8,27033,9,11,1772286,1821428,0.010306187,0.681202933,
3/11/22,603,2,34225,408,5,30702,10,10,1772844,1822208,0.015571334,0.681456556,
3/12/22,295,4,40010,235,6,42902,10,11,1773453,1822894,0.00639232,0.681702028,
3/13/22,84,0,14929,117,0,9016,11,11,1773806,1823279,0.008394237,0.681841919,
3/14/22,152,0,2949,110,0,2199,10,11,1774600,1824202,0.050893551,0.682167383,
3/15/22,321,9,9443,309,3,10411,10,10,1775142,1824847,0.031731641,0.682392384,
3/16/22,243,4,25010,214,2,18660,11,10,1775639,1825585,0.01046485,0.682626483,
3/17/22,256,3,21587,276,1,18694,10,10,1776092,1826260,0.013207219,0.6828403,