CountyName,AdministeredCount,AdministeredCountChange,AdministeredCountRollAvg,PersonsWithOneDose,PersonsFullyVaccinated,BoosterDoseCount,Report_Date,PctVaccinatedOneDosePopulation,PctFullyVaccinatedPopulation
Illinois,1,1,0,1,0,0,12/15/20 0:00,7.84863E-08,0
Illinois,1569,1568,224,1489,0,0,12/16/20 0:00,0.000116866,0
Illinois,11680,10111,1669,11214,0,0,12/17/20 0:00,0.000880145,0
Illinois,31049,19369,4436,29804,0,0,12/18/20 0:00,0.002339205,0
Illinois,42988,11939,6141,41358,0,0,12/19/20 0:00,0.003246036,0
Illinois,48949,5961,6993,47091,0,0,12/20/20 0:00,0.003695998,0
Illinois,60257,11308,8608,58014,0,0,12/21/20 0:00,0.004553303,0
Illinois,69335,9078,9905,66462,0,0,12/22/20 0:00,0.005216355,0
Illinois,79065,9730,11071,75748,0,0,12/23/20 0:00,0.005945179,0
Illinois,84351,5286,10382,80793,0,0,12/24/20 0:00,0.006341142,0
Illinois,85481,1130,7776,81863,0,0,12/25/20 0:00,0.006425123,0
Illinois,86791,1310,6258,83139,0,0,12/26/20 0:00,0.006525271,0
Illinois,87781,990,5547,84113,0,0,12/27/20 0:00,0.006601717,0
Illinois,93386,5605,4733,89522,0,0,12/28/20 0:00,0.007026249,0
Illinois,110604,17218,5896,106319,0,0,12/29/20 0:00,0.008344583,0
Illinois,129867,19263,7257,125024,0,0,12/30/20 0:00,0.009812669,0
Illinois,143501,13634,8450,138250,0,0,12/31/20 0:00,0.010850729,0
Illinois,148787,5286,9044,143411,0,0,1/1/21 0:00,0.011255796,0
Illinois,152311,3524,9360,146867,0,0,1/2/21 0:00,0.011527045,0
Illinois,154564,2253,9540,149077,0,0,1/3/21 0:00,0.011700499,0
Illinois,167257,12693,10553,161315,147,0,1/4/21 0:00,0.012661015,1.15375E-05
Illinois,190300,23043,11385,183378,525,0,1/5/21 0:00,0.014392657,4.12053E-05
Illinois,210940,20640,11582,201048,2954,0,1/6/21 0:00,0.01577951,0.000231848
Illinois,240987,30047,13927,212669,20306,0,1/7/21 0:00,0.016691599,0.001593742
Illinois,283047,42060,19180,232378,41255,0,1/8/21 0:00,0.018238485,0.003237952
Illinois,306188,23141,21982,243204,52730,0,1/9/21 0:00,0.019088178,0.004138582
Illinois,321783,15595,23888,251409,59688,0,1/10/21 0:00,0.019732158,0.004684689
Illinois,340042,18259,24684,258144,70512,0,1/11/21 0:00,0.020260763,0.005534225
Illinois,370840,30798,25791,277535,80818,0,1/12/21 0:00,0.02178269,0.006343104
Illinois,402409,31569,27353,299709,89254,0,1/13/21 0:00,0.023523045,0.007005215
Illinois,438122,35713,28162,323910,99614,0,1/14/21 0:00,0.025422492,0.007818333
Illinois,463394,25272,25764,346367,101725,0,1/15/21 0:00,0.027185058,0.007984017
Illinois,480025,16631,24834,361290,103041,0,1/16/21 0:00,0.028356309,0.008087305
Illinois,488958,8933,23882,369345,103681,0,1/17/21 0:00,0.028988516,0.008137536
Illinois,502338,13380,23185,379448,106548,0,1/18/21 0:00,0.029781463,0.008362556
Illinois,532233,29895,23056,404068,111234,0,1/19/21 0:00,0.031713795,0.008730343
Illinois,567536,35303,23590,429954,119955,0,1/20/21 0:00,0.033745491,0.009414822
Illinois,612965,45429,24978,465812,128743,0,1/21/21 0:00,0.036559852,0.010104559
Illinois,655206,42241,27402,501020,135039,0,1/22/21 0:00,0.039323197,0.010598709
Illinois,678238,23032,28316,521242,137386,0,1/23/21 0:00,0.040910347,0.010782916
Illinois,692657,14419,29100,532251,140520,0,1/24/21 0:00,0.041774402,0.011028892
Illinois,719844,27187,31072,550761,148635,0,1/25/21 0:00,0.043227183,0.011665809
Illinois,774314,54470,34583,589765,162882,0,1/26/21 0:00,0.046288462,0.012784003
Illinois,831910,57596,37768,627111,182030,0,1/27/21 0:00,0.049219611,0.014286858
Illinois,893146,61236,40026,670543,198696,0,1/28/21 0:00,0.052628427,0.01559491
Illinois,952948,59802,42535,714748,213143,0,1/29/21 0:00,0.056097913,0.016728802
Illinois,994545,41597,45187,747651,221025,0,1/30/21 0:00,0.058680347,0.017347431
Illinois,1012172,17627,45645,760602,225412,0,1/31/21 0:00,0.059696823,0.01769175
Illinois,1046330,34158,46641,785970,233531,0,2/1/21 0:00,0.061687863,0.01832898
Illinois,1114001,67671,48527,835129,250777,0,2/2/21 0:00,0.06554617,0.019682554
Illinois,1180106,66105,49742,887075,263634,0,2/3/21 0:00,0.069623219,0.020691653
Illinois,1259471,79365,52332,948324,280352,0,2/4/21 0:00,0.074430425,0.022003786
Illinois,1328573,69102,53661,1002524,294154,0,2/5/21 0:00,0.078684382,0.023087054
Illinois,1383496,54923,55564,1044425,305970,0,2/6/21 0:00,0.081973035,0.024014448
Illinois,1403170,19674,55857,1059751,309943,0,2/7/21 0:00,0.083175916,0.024326274
Illinois,1463997,60827,59667,1106030,323131,0,2/8/21 0:00,0.086808183,0.025361351
Illinois,1526247,62250,58892,1150416,339730,0,2/9/21 0:00,0.090291875,0.026664145
Illinois,1594661,68414,59222,1197456,359734,0,2/10/21 0:00,0.093983869,0.028234184
Illinois,1689253,94592,61397,1261618,388207,0,2/11/21 0:00,0.099019706,0.030468924
Illinois,1768100,78847,62790,1313893,412911,0,2/12/21 0:00,0.103122577,0.032407849
Illinois,1826169,58069,63239,1355544,428312,0,2/13/21 0:00,0.106391609,0.033616616
Illinois,1865766,39597,66085,1386064,436654,0,2/14/21 0:00,0.10878701,0.034271349
Illinois,1905307,39541,63044,1416621,444856,0,2/15/21 0:00,0.111185316,0.034915094
Illinois,1943173,37866,59561,1438443,460119,0,2/16/21 0:00,0.112898043,0.03611303
Illinois,2012788,69615,59732,1481063,485616,0,2/17/21 0:00,0.116243129,0.038114194
Illinois,2090272,77484,57288,1524021,518530,0,2/18/21 0:00,0.119614742,0.040697492
Illinois,2163592,73320,56499,1564056,550209,0,2/19/21 0:00,0.122756941,0.043183859
Illinois,2174114,10522,49706,1569566,555069,0,2/20/21 0:00,0.1231894,0.043565302
Illinois,2231652,57538,52269,1602440,578570,0,2/21/21 0:00,0.125769558,0.045409808
Illinois,2272180,40528,52410,1623791,596660,0,2/22/21 0:00,0.127445319,0.046829625
Illinois,2324806,52626,54519,1648419,623667,0,2/23/21 0:00,0.129378279,0.048949304
Illinois,2450716,125910,62561,1720311,675974,0,2/24/21 0:00,0.135020815,0.053054686
Illinois,2549145,98429,65553,1764136,728754,0,2/25/21 0:00,0.138460476,0.057197192
Illinois,2630874,81729,66755,1797581,775305,0,2/26/21 0:00,0.14108545,0.060850807
Illinois,2706009,75135,75985,1830374,816300,0,2/27/21 0:00,0.14365925,0.064068352
Illinois,2753568,47559,74559,1857293,836138,0,2/28/21 0:00,0.145772022,0.065625363
Illinois,2811857,58289,77097,1884856,865617,0,3/1/21 0:00,0.14793534,0.06793906
Illinois,2890960,79103,80879,1923438,904675,0,3/2/21 0:00,0.150963498,0.071004577
Illinois,2981953,90993,75891,1967349,949899,0,3/3/21 0:00,0.154409909,0.074554041
Illinois,3112192,130239,80435,2029069,1016285,0,3/4/21 0:00,0.159254082,0.079764431
Illinois,3242692,130500,87403,2097596,1080096,0,3/5/21 0:00,0.164632512,0.084772719
Illinois,3334701,92009,89813,2142846,1127695,0,3/6/21 0:00,0.168184016,0.088508588
Illinois,3362370,27669,86972,2157065,1142581,0,3/7/21 0:00,0.169300012,0.089676935
Illinois,3436750,74380,89270,2195706,1183767,0,3/8/21 0:00,0.172332801,0.092909471
Illinois,3543530,106780,93224,2255292,1236670,0,3/9/21 0:00,0.177009484,0.097061631
Illinois,3657605,114075,96522,2313885,1294746,0,3/10/21 0:00,0.181608231,0.1016198
Illinois,3766194,108589,93429,2364426,1357003,0,3/11/21 0:00,0.185575006,0.10650612
Illinois,3913569,147375,95840,2442703,1428399,0,3/12/21 0:00,0.191718677,0.112109727
Illinois,4007696,94127,96142,2492956,1474165,0,3/13/21 0:00,0.195662848,0.11570173
Illinois,4084994,77298,103232,2528962,1520288,0,3/14/21 0:00,0.198488825,0.119321753
Illinois,4170084,85090,104762,2576393,1560958,0,3/15/21 0:00,0.202211508,0.12251379
Illinois,4278199,108115,104953,2640816,1606378,0,3/16/21 0:00,0.20726783,0.126078637
Illinois,4370877,92678,101896,2693785,1646617,0,3/17/21 0:00,0.21142517,0.129236846
Illinois,4506629,135752,105776,2785128,1692957,0,3/18/21 0:00,0.218594342,0.132873901
Illinois,4636715,130086,103307,2869831,1741047,0,3/19/21 0:00,0.225242366,0.136648306
Illinois,4722422,85707,102104,2929023,1770700,0,3/20/21 0:00,0.229888126,0.13897566
Illinois,4764170,41748,97025,2957940,1786802,0,3/21/21 0:00,0.232157713,0.140239446
Illinois,4839684,75514,95657,3009619,1812770,0,3/22/21 0:00,0.236213806,0.142277578
Illinois,4942797,103113,94943,3083019,1843813,0,3/23/21 0:00,0.241974699,0.144714027
Illinois,5059846,117049,98424,3169449,1876303,0,3/24/21 0:00,0.248758269,0.147264047
Illinois,5182698,122852,96581,3252564,1917511,0,3/25/21 0:00,0.255281656,0.150498309
Illinois,5313736,131038,96717,3333331,1969134,0,3/26/21 0:00,0.261620757,0.154550007
Illinois,5417722,103986,99329,3391655,2014842,0,3/27/21 0:00,0.266198391,0.158137458
Illinois,5465103,47381,100133,3422218,2032978,0,3/28/21 0:00,0.268597168,0.159560885
Illinois,5549099,83996,101345,3479957,2060848,0,3/29/21 0:00,0.273128887,0.161748298
Illinois,5678170,129071,105053,3560466,2111020,0,3/30/21 0:00,0.279447739,0.165686111
Illinois,5787825,109655,103997,3632069,2153658,0,3/31/21 0:00,0.285067592,0.169032609
Illinois,5928425,140600,106532,3717123,2212847,0,4/1/21 0:00,0.291743165,0.173678134
Illinois,6065776,137351,107434,3798467,2272811,0,4/2/21 0:00,0.298127553,0.178384485
Illinois,6162628,96852,106415,3852418,2319658,0,4/3/21 0:00,0.302361966,0.182061332
Illinois,6186617,23989,103073,3864353,2332468,0,4/4/21 0:00,0.3032987,0.183066742
Illinois,6277313,90696,104031,3916484,2377076,0,4/5/21 0:00,0.307390268,0.186567858
Illinois,6408095,130782,104275,3987727,2444820,0,4/6/21 0:00,0.312981867,0.191884832
Illinois,6552614,144519,109256,4071620,2519534,0,4/7/21 0:00,0.319566316,0.197748856
Illinois,6707419,154805,111285,4155291,2609876,0,4/8/21 0:00,0.326133342,0.204839464
Illinois,6874267,166848,115499,4230264,2717974,0,4/9/21 0:00,0.332017694,0.213323674
Illinois,6998055,123788,119347,4298848,2790929,0,4/10/21 0:00,0.337400597,0.219049641
Illinois,7057435,59380,124403,4329015,2825982,0,4/11/21 0:00,0.339768293,0.221800821
Illinois,7152248,94813,124991,4377857,2885295,0,4/12/21 0:00,0.34360172,0.226456078
Illinois,7282298,130050,124886,4438174,2958816,0,4/13/21 0:00,0.348335777,0.232226467
Illinois,7404154,121856,121649,4497103,3022052,0,4/14/21 0:00,0.352960895,0.237189626
Illinois,7566447,162293,122718,4572104,3108296,0,4/15/21 0:00,0.358847445,0.243958597
Illinois,7719165,152718,120700,4638795,3193364,0,4/16/21 0:00,0.364081773,0.250635268
Illinois,7828551,109386,118642,4686897,3253289,0,4/17/21 0:00,0.36785712,0.255338558
Illinois,7889209,60658,118825,4711817,3288161,0,4/18/21 0:00,0.369812999,0.258075532
Illinois,7968069,78860,116546,4740677,3337579,0,4/19/21 0:00,0.372078113,0.261954167
Illinois,8110833,142764,118362,4801670,3417642,0,4/20/21 0:00,0.376865226,0.268238014
Illinois,8237446,126613,119042,4855555,3488370,0,4/21/21 0:00,0.38109446,0.273789192
Illinois,8366074,128628,114232,4908121,3562615,0,4/22/21 0:00,0.38522017,0.279616406
Illinois,8489011,122937,109978,4959842,3631469,0,4/23/21 0:00,0.389279559,0.285020501
Illinois,8575992,86981,106777,5000067,3676821,0,4/24/21 0:00,0.392436669,0.28858001
Illinois,8620094,44102,104412,5024540,3695700,0,4/25/21 0:00,0.394357464,0.290061753
Illinois,8695591,75497,103932,5056236,3738457,0,4/26/21 0:00,0.396845165,0.293417591
Illinois,8793890,98299,97580,5092825,3799745,0,4/27/21 0:00,0.3997169,0.298227858
Illinois,8893746,99856,93757,5128302,3863190,0,4/28/21 0:00,0.402501358,0.30320742
Illinois,8989166,95420,89013,5162593,3924536,0,4/29/21 0:00,0.405192731,0.30802224
Illinois,9073142,83976,83447,5193677,3977926,0,4/30/21 0:00,0.407632399,0.312212622
Illinois,9114981,41839,76998,5211377,4002150,0,5/1/21 0:00,0.409021606,0.314113874
Illinois,9130182,15201,72870,5218607,4009925,0,5/2/21 0:00,0.409589062,0.314724105
Illinois,9173412,43230,68260,5235768,4036385,0,5/3/21 0:00,0.410935965,0.316800852
Illinois,9286089,112677,70314,5280634,4105714,0,5/4/21 0:00,0.41445733,0.322242228
Illinois,9381155,95066,69630,5309847,4173401,0,5/5/21 0:00,0.41675015,0.327554728
Illinois,9450789,69634,65946,5331584,4224101,0,5/6/21 0:00,0.418456206,0.331533983
Illinois,9547161,96372,67717,5358035,4294986,0,5/7/21 0:00,0.420532247,0.337097483
Illinois,9620836,73675,72265,5383684,4344351,0,5/8/21 0:00,0.422545342,0.340971958
Illinois,9688264,67428,79726,5408564,4389779,0,5/9/21 0:00,0.42449808,0.344537433
Illinois,9745118,56854,81672,5426580,4430824,0,5/10/21 0:00,0.425912089,0.347758903
Illinois,9814274,69156,75455,5446059,4482960,0,5/11/21 0:00,0.427440923,0.351850864
Illinois,9879218,64944,71152,5464210,4530372,0,5/12/21 0:00,0.428865528,0.355572055
Illinois,9953104,73886,71759,5490066,4579690,0,5/13/21 0:00,0.430894869,0.359442842
Illinois,10068056,114952,74414,5534161,4651001,0,5/14/21 0:00,0.434355722,0.365039777
Illinois,10133264,65208,73204,5560052,4690850,0,5/15/21 0:00,0.43638781,0.368167377
Illinois,10163111,29847,67835,5573807,4706884,0,5/16/21 0:00,0.437467389,0.369425826
Illinois,10208662,45551,66221,5592582,4734553,0,5/17/21 0:00,0.438940969,0.371597463
Illinois,10300013,91351,69391,5634776,4786005,0,5/18/21 0:00,0.442252619,0.375635739
Illinois,10384917,84904,72243,5676488,4831452,0,5/19/21 0:00,0.445526439,0.379202705
Illinois,10506983,122066,79126,5734806,4896994,0,5/20/21 0:00,0.450103602,0.384346853
Illinois,10580344,73361,73184,5767367,4939105,0,5/21/21 0:00,0.452659194,0.387651989
Illinois,10638873,58529,72230,5792964,4973181,0,5/22/21 0:00,0.454668207,0.390326487
Illinois,10673782,34909,72953,5812568,4988678,0,5/23/21 0:00,0.456206852,0.391542789
Illinois,10721440,47658,73254,5835830,5014432,0,5/24/21 0:00,0.4580326,0.393564125
Illinois,10779016,57576,68429,5863945,5045461,0,5/25/21 0:00,0.460239242,0.395999476
Illinois,10840066,61050,65021,5896340,5076166,0,5/26/21 0:00,0.462781805,0.398409397
Illinois,10899912,59846,56133,5924441,5109263,0,5/27/21 0:00,0.464987348,0.401007057
Illinois,10952787,52875,53206,5947279,5140235,0,5/28/21 0:00,0.466779818,0.403437935
Illinois,10991064,38277,50313,5965106,5161524,0,5/29/21 0:00,0.468178993,0.405108829
Illinois,11013036,21972,48465,5975887,5173481,0,5/30/21 0:00,0.469025153,0.40604729
Illinois,11029674,16638,44033,5984304,5182171,0,5/31/21 0:00,0.469685772,0.406729335
Illinois,11057693,28019,39811,5994299,5200802,0,6/1/21 0:00,0.470470243,0.408191613
Illinois,11092153,34460,36012,6010266,5220277,0,6/2/21 0:00,0.471723433,0.409720134
Illinois,11143284,51131,34767,6031318,5251407,0,6/3/21 0:00,0.473375726,0.412163412
Illinois,11196517,53233,34819,6049663,5287278,0,6/4/21 0:00,0.474815557,0.414978793
Illinois,11243400,46883,36048,6064980,5319517,0,6/5/21 0:00,0.476017732,0.417509112
Illinois,11276014,32614,37568,6074848,5342595,0,6/6/21 0:00,0.476792234,0.419320419
Illinois,11318913,42899,41320,6086827,5374272,0,6/7/21 0:00,0.477732421,0.421806629
Illinois,11367865,48952,44310,6102564,5408408,0,6/8/21 0:00,0.47896756,0.424485836
Illinois,11427648,59783,47928,6123348,5448053,0,6/9/21 0:00,0.480598819,0.427597425
Illinois,11468093,40445,46401,6137645,5475560,0,6/10/21 0:00,0.481720937,0.429756347
Illinois,11505329,37236,44116,6149788,5501469,0,6/11/21 0:00,0.482673996,0.431789848
Illinois,11527588,22259,40598,6156697,5517460,0,6/12/21 0:00,0.483216258,0.433044922
Illinois,11549407,21819,39056,6162633,5533518,0,6/13/21 0:00,0.483682153,0.434305255
Illinois,11618010,68603,42728,6184392,5581911,0,6/14/21 0:00,0.485389936,0.438103442
Illinois,11669405,51395,43077,6200983,5617707,0,6/15/21 0:00,0.486692101,0.440912937
Illinois,11706446,37041,39828,6214483,5642268,0,6/16/21 0:00,0.487751666,0.442840638
Illinois,11755332,48886,41034,6232194,5674602,0,6/17/21 0:00,0.489141737,0.445378414
Illinois,11778819,23487,39070,6241011,5690084,0,6/18/21 0:00,0.48983375,0.446593538
Illinois,11816947,38128,41337,6255870,5714244,0,6/19/21 0:00,0.490999978,0.448489767
Illinois,11833426,16479,40574,6262367,5724583,0,6/20/21 0:00,0.491509903,0.449301237
Illinois,11854533,21107,33789,6271472,5737180,0,6/21/21 0:00,0.492224521,0.450289928
Illinois,11881322,26789,30274,6284137,5752507,0,6/22/21 0:00,0.49321855,0.451492888
Illinois,11911840,30518,29342,6296918,5771116,0,6/23/21 0:00,0.494221683,0.452953439
Illinois,11950685,38845,27908,6313965,5793609,0,6/24/21 0:00,0.495559639,0.454718831
Illinois,12035099,84414,36611,6347881,5843665,0,6/25/21 0:00,0.498221579,0.45864754
Illinois,12130092,94993,44735,6384294,5901983,0,6/26/21 0:00,0.5010795,0.463224703
Illinois,12138412,8320,43569,6387541,5907209,0,6/27/21 0:00,0.501334345,0.463634872
Illinois,12160549,22137,43717,6397491,5920069,0,6/28/21 0:00,0.502115284,0.464644206
Illinois,12189027,28478,43958,6410804,5936023,0,6/29/21 0:00,0.503160172,0.465896376
Illinois,12215731,26704,43413,6422655,5951313,0,6/30/21 0:00,0.504090313,0.467096431
Illinois,12239956,24225,41324,6433692,5965077,0,7/1/21 0:00,0.504956566,0.468176717
Illinois,12265008,25052,32844,6445546,5978762,0,7/2/21 0:00,0.505886942,0.469250801
Illinois,12282584,17576,21785,6453133,5989103,0,7/3/21 0:00,0.506482418,0.470062428
Illinois,12291776,9192,21909,6457431,5994080,0,7/4/21 0:00,0.506819752,0.470453054
Illinois,12293073,1297,18932,6457961,5994923,0,7/5/21 0:00,0.506861349,0.470519218
Illinois,12305425,12352,16628,6462797,6002966,0,7/6/21 0:00,0.507240909,0.471150483
Illinois,12328799,23374,16153,6472473,6017111,0,7/7/21 0:00,0.508000342,0.472260672
Illinois,12353373,24574,16202,6483442,6031374,0,7/8/21 0:00,0.508861258,0.473380122
Illinois,12375185,21812,15740,6493475,6043884,0,7/9/21 0:00,0.509648711,0.474361985
Illinois,12393744,18559,15880,6501807,6054436,0,7/10/21 0:00,0.510302659,0.475190172
Illinois,12407881,14137,16586,6508925,6061669,0,7/11/21 0:00,0.510861324,0.475757864
Illinois,12432794,24913,19960,6520973,6075108,0,7/12/21 0:00,0.511806927,0.476812641
Illinois,12454564,21770,21306,6532121,6086144,0,7/13/21 0:00,0.512681892,0.477678815
Illinois,12475430,20866,20947,6542651,6096725,0,7/14/21 0:00,0.513508353,0.478509279
Illinois,12495945,20515,20367,6552956,6107238,0,7/15/21 0:00,0.514317154,0.479334405
Illinois,12516956,21011,20253,6563529,6117898,0,7/16/21 0:00,0.515146989,0.480171069
Illinois,12535023,18067,20183,6572766,6126767,0,7/17/21 0:00,0.515871967,0.480867164
Illinois,12546855,11832,19853,6578688,6132810,0,7/18/21 0:00,0.516336763,0.481341456
Illinois,12564632,17777,18834,6587999,6141743,0,7/19/21 0:00,0.517067548,0.482042574
Illinois,12589350,24718,19255,6601169,6153633,0,7/20/21 0:00,0.518101213,0.482975776
Illinois,12612822,23472,19627,6614070,6164772,0,7/21/21 0:00,0.519113764,0.483850035
Illinois,12630653,17831,19244,6624176,6172804,0,7/22/21 0:00,0.519906947,0.484480437
Illinois,12650085,19432,19018,6635785,6181054,0,7/23/21 0:00,0.520818094,0.485127948
Illinois,12663056,12971,18290,6643622,6186208,0,7/24/21 0:00,0.521433191,0.485532467
Illinois,12670918,7862,17723,6648615,6189225,0,7/25/21 0:00,0.521825073,0.48576926
Illinois,12684070,13152,17063,6657306,6194171,0,7/26/21 0:00,0.522507197,0.486157453
Illinois,12710439,26369,17298,6672559,6205512,0,7/27/21 0:00,0.523704348,0.487047566
Illinois,12756924,46485,20586,6700478,6224591,0,7/28/21 0:00,0.525895607,0.488545006
Illinois,12780136,23212,21355,6714688,6234381,0,7/29/21 0:00,0.527010897,0.489313386
Illinois,12824004,43868,24846,6737539,6255904,0,7/30/21 0:00,0.528804387,0.491002647
Illinois,12844198,20194,25877,6750060,6263735,0,7/31/21 0:00,0.529787114,0.491617273
Illinois,12857677,13479,26680,6757763,6269587,0,8/1/21 0:00,0.530391694,0.492076574
Illinois,12876813,19136,27535,6769259,6277487,0,8/2/21 0:00,0.531293972,0.492696616
Illinois,12902791,25978,27479,6785102,6288230,0,8/3/21 0:00,0.53253743,0.493539794
Illinois,12927185,24394,24323,6800005,6298108,0,8/4/21 0:00,0.533707111,0.494315082
Illinois,12952341,25156,24601,6815410,6308355,0,8/5/21 0:00,0.534916192,0.495119331
Illinois,12978108,25767,22015,6830511,6319269,0,8/6/21 0:00,0.536101414,0.49597593
Illinois,13014964,36856,24395,6849966,6336830,0,8/7/21 0:00,0.537628364,0.497354227
Illinois,13031100,16136,24775,6859349,6343712,0,8/8/21 0:00,0.538364801,0.49789437
Illinois,13047804,16704,24427,6868779,6351319,0,8/9/21 0:00,0.539104927,0.498491415
Illinois,13064055,16251,23038,6878115,6358573,0,8/10/21 0:00,0.539837675,0.499060755
Illinois,13115943,51888,26965,6905889,6385077,0,8/11/21 0:00,0.542017553,0.501140955
Illinois,13162570,46627,30033,6930400,6408370,0,8/12/21 0:00,0.54394133,0.502969136
Illinois,13204985,42415,32411,6952365,6429343,127,8/13/21 0:00,0.545665281,0.504615229
Illinois,13260291,55306,35047,6981683,6456996,635,8/14/21 0:00,0.547966342,0.50678561
Illinois,13299512,39221,38345,7000783,6475962,1894,8/15/21 0:00,0.54946543,0.508274181
Illinois,13319132,19620,38761,7009853,6485021,3452,8/16/21 0:00,0.550177301,0.508985188
Illinois,13347234,28102,40454,7022322,6497922,6268,8/17/21 0:00,0.551155946,0.50999774
Illinois,13376159,28925,37174,7035742,6510142,9594,8/18/21 0:00,0.552209232,0.510956842
Illinois,13402554,26395,34283,7047203,6521733,12974,8/19/21 0:00,0.553108763,0.511866576
Illinois,13428412,25858,31918,7058519,6532923,16309,8/20/21 0:00,0.553996914,0.512744838
Illinois,13452847,24435,27508,7068505,6544409,19153,8/21/21 0:00,0.554780678,0.513646331
Illinois,13468964,16117,24207,7075242,6552072,20695,8/22/21 0:00,0.55530944,0.514247772
Illinois,13488379,19415,24178,7083732,6561373,22347,8/23/21 0:00,0.555975789,0.514977773
Illinois,13516454,28075,24174,7095944,6574277,25139,8/24/21 0:00,0.556934263,0.51599056
Illinois,13542877,26423,23817,7107493,6586630,27621,8/25/21 0:00,0.557840701,0.516960101
Illinois,13586769,43892,26316,7135710,6599593,30194,8/26/21 0:00,0.560055349,0.517977518
Illinois,13624094,37325,27955,7155370,6614431,33014,8/27/21 0:00,0.561598389,0.519142098
Illinois,13674510,50416,31666,7181042,6636276,35662,8/28/21 0:00,0.563613289,0.520856631
Illinois,13733451,58941,37784,7201303,6672918,37349,8/29/21 0:00,0.565203499,0.523732525
Illinois,13763922,30471,39363,7213433,6689360,39412,8/30/21 0:00,0.566155538,0.525022996
Illinois,13792680,28758,39461,7226244,6702096,42689,8/31/21 0:00,0.567161026,0.526022598
Illinois,13819886,27206,39573,7239213,6713998,45242,9/1/21 0:00,0.568178914,0.526956742
Illinois,13846635,26749,37124,7252294,6724928,48252,9/2/21 0:00,0.569205593,0.527814597
Illinois,13873545,26910,35636,7265588,6736025,51035,9/3/21 0:00,0.57024899,0.528685559
Illinois,13898275,24730,31966,7277410,6746452,53386,9/4/21 0:00,0.571176855,0.529503935
Illinois,13914900,16625,25921,7285261,6753648,54791,9/5/21 0:00,0.571793051,0.530068723
Illinois,13926656,11756,23248,7290853,6758699,55691,9/6/21 0:00,0.572231946,0.530465157
Illinois,13939033,12377,20908,7296198,6764805,56869,9/7/21 0:00,0.572651455,0.530944394
Illinois,13964530,25497,20663,7306809,6777259,59161,9/8/21 0:00,0.573484273,0.531921862
Illinois,13987992,23462,20194,7317076,6788142,61622,9/9/21 0:00,0.574290092,0.532776028
Illinois,14011171,23179,19661,7327705,6798507,63964,9/10/21 0:00,0.575124322,0.533589539
Illinois,14031567,20396,19042,7336530,6808115,65691,9/11/21 0:00,0.575816964,0.534343635
Illinois,14046311,14744,18773,7342945,6815294,66795,9/12/21 0:00,0.576320453,0.534907088
Illinois,14063062,16751,19487,7350308,6823211,68155,9/13/21 0:00,0.576898348,0.535528464
Illinois,14085396,22334,20909,7359871,6833848,70199,9/14/21 0:00,0.577648912,0.536363322
Illinois,14106450,21054,20274,7369023,6843917,72087,9/15/21 0:00,0.578367218,0.537153601
Illinois,14127358,20908,19909,7377816,6854080,74092,9/16/21 0:00,0.579057348,0.537951257
Illinois,14148598,21240,19632,7386597,6864645,75987,9/17/21 0:00,0.579746536,0.538780464
Illinois,14168515,19917,19564,7394137,6875076,77690,9/18/21 0:00,0.580338323,0.539599155
Illinois,14182690,14175,19483,7399374,6882705,78815,9/19/21 0:00,0.580749356,0.540197927
Illinois,14196162,13472,19014,7404735,6889665,80057,9/20/21 0:00,0.581170121,0.540744191
Illinois,14219474,23312,19154,7413628,6901590,82584,9/21/21 0:00,0.581868099,0.54168014
Illinois,14236542,17068,18585,7420182,6910200,84510,9/22/21 0:00,0.582382498,0.542355907
Illinois,14260566,24024,19030,7428981,6922792,87053,9/23/21 0:00,0.583073099,0.543344206
Illinois,14284592,24026,19428,7437037,6934835,90566,9/24/21 0:00,0.583705384,0.544289417
Illinois,14307295,22703,19826,7443246,6944566,96796,9/25/21 0:00,0.584192706,0.545053167
Illinois,14325970,18675,20469,7447356,6950958,104544,9/26/21 0:00,0.584515284,0.545554851
Illinois,14349205,23235,21863,7453620,6958898,113724,9/27/21 0:00,0.585006922,0.546178032
Illinois,14374092,24887,22088,7460933,6968212,121852,9/28/21 0:00,0.585580893,0.546909053
Illinois,14400435,26343,23413,7467174,6974833,135102,9/29/21 0:00,0.586070726,0.547428711
Illinois,14416296,15861,22247,7471011,6979417,142531,9/30/21 0:00,0.586371877,0.547788492
Illinois,14457773,41477,24740,7479474,6990971,163405,10/1/21 0:00,0.587036107,0.548695323
Illinois,14514267,56494,29567,7490964,7006078,192094,10/2/21 0:00,0.587937914,0.549881015
Illinois,14532639,18372,29524,7494884,7011383,200799,10/3/21 0:00,0.58824558,0.550297385
Illinois,14560957,28318,30250,7502363,7020673,212005,10/4/21 0:00,0.588832579,0.551026522
Illinois,14583037,22080,29849,7507343,7026079,223680,10/5/21 0:00,0.589223441,0.551450819
Illinois,14629759,46722,32761,7516856,7037527,248802,10/6/21 0:00,0.589970081,0.55234933
Illinois,14662335,32576,35148,7523253,7045241,266988,10/7/21 0:00,0.590472158,0.552954773
Illinois,14695061,32726,33898,7529481,7052813,285520,10/8/21 0:00,0.59096097,0.553549071
Illinois,14715641,20580,28768,7533695,7058215,296167,10/9/21 0:00,0.591291712,0.553973054
Illinois,14729919,14278,28183,7536588,7062162,303463,10/10/21 0:00,0.591518772,0.554282839
Illinois,14749589,19670,26947,7540642,7067424,313593,10/11/21 0:00,0.591836956,0.554695834
Illinois,14783054,33465,28574,7547265,7075265,332382,10/12/21 0:00,0.59235677,0.555311245
Illinois,14819854,36800,27156,7554444,7083750,353306,10/13/21 0:00,0.592920223,0.555977201
Illinois,14848763,28909,26633,7560148,7089902,370104,10/14/21 0:00,0.593367909,0.556460049
Illinois,14891142,42379,28012,7568952,7100412,392526,10/15/21 0:00,0.594058902,0.55728494
Illinois,14915560,24418,28560,7573804,7106625,405588,10/16/21 0:00,0.594439718,0.557772575
Illinois,14928903,13343,28426,7576459,7110284,412447,10/17/21 0:00,0.594648099,0.558059756
Illinois,14952890,23987,29043,7581353,7116078,425540,10/18/21 0:00,0.595032211,0.558514506
Illinois,14985756,32866,28957,7587498,7122820,445079,10/19/21 0:00,0.595514509,0.55904366
Illinois,15019217,33461,28480,7593767,7129704,465186,10/20/21 0:00,0.596006539,0.55958396
Illinois,15055429,36212,29524,7600922,7137329,486490,10/21/21 0:00,0.596568109,0.560182418
Illinois,15093076,37647,28848,7607112,7144206,510768,10/22/21 0:00,0.597053939,0.560722168
Illinois,15130508,37432,30707,7612091,7149271,537709,10/23/21 0:00,0.597444722,0.561119701
Illinois,15161839,31331,33277,7616218,7153594,560238,10/24/21 0:00,0.597768635,0.561458997
Illinois,15202561,40722,35667,7621585,7159144,589587,10/25/21 0:00,0.598189871,0.561894596
Illinois,15272604,70043,40978,7630426,7167413,641422,10/26/21 0:00,0.598883768,0.562543599
Illinois,15338572,65968,45622,7638258,7174037,692006,10/27/21 0:00,0.599498473,0.563063492
Illinois,15400219,61647,49256,7645075,7180051,739935,10/28/21 0:00,0.600033514,0.563535509
Illinois,15500357,100138,58183,7669603,7202787,791987,10/29/21 0:00,0.601958625,0.565319973
Illinois,15551282,50925,60111,7675262,7208231,831218,10/30/21 0:00,0.602402779,0.565747252
Illinois,15586153,34871,60616,7679360,7212024,857801,10/31/21 0:00,0.602724416,0.566044951
Illinois,15626288,40135,60532,7684386,7216381,888131,11/1/21 0:00,0.603118888,0.566386915
Illinois,15681151,54863,58364,7690834,7221921,930362,11/2/21 0:00,0.603624967,0.566821729
Illinois,15717707,36556,54162,7695082,7225240,959053,11/3/21 0:00,0.603958377,0.567082225
Illinois,15769917,52210,52814,7702396,7230976,997764,11/4/21 0:00,0.604532426,0.567532423
Illinois,15842348,72431,48856,7713071,7237663,1051903,11/5/21 0:00,0.605370267,0.56805726
Illinois,15925463,83115,53454,7725108,7245753,1113862,11/6/21 0:00,0.606315006,0.568692214
Illinois,15953671,28208,52503,7735233,7248359,1129110,11/7/21 0:00,0.60710968,0.56889675
Illinois,15997728,44057,53063,7747943,7252567,1155854,11/8/21 0:00,0.608107241,0.56922702
Illinois,16073520,75792,56053,7767292,7258746,1204984,11/9/21 0:00,0.609625872,0.569711987
Illinois,16140064,66544,60337,7785094,7263812,1247786,11/10/21 0:00,0.611023084,0.570109598
Illinois,16205922,65858,62286,7805180,7268572,1287944,11/11/21 0:00,0.61259956,0.570483193
Illinois,16282580,76658,62890,7831213,7274005,1332268,11/12/21 0:00,0.614642793,0.570909609
Illinois,16346120,63540,60094,7854138,7278411,1367786,11/13/21 0:00,0.616442091,0.571255419
Illinois,16381349,35229,61097,7866497,7280921,1387664,11/14/21 0:00,0.617412103,0.57145242
Illinois,16431998,50649,62039,7881107,7284743,1419445,11/15/21 0:00,0.618558788,0.571752395
Illinois,16499249,67251,60818,7896342,7289775,1465606,11/16/21 0:00,0.619754526,0.572147338
Illinois,16567311,68062,61035,7912655,7294707,1511623,11/17/21 0:00,0.621034873,0.572534432
Illinois,16636518,69207,61514,7929014,7299761,1558579,11/18/21 0:00,0.62231883,0.572931102
Illinois,16712741,76223,61452,7944983,7305276,1612146,11/19/21 0:00,0.623572178,0.573363953
Illinois,16774632,61891,61216,7960485,7309463,1653602,11/20/21 0:00,0.624788872,0.573692576
Illinois,16812568,37936,61603,7971304,7311890,1677810,11/21/21 0:00,0.625638015,0.573883062
Illinois,16872581,60013,62940,7984637,7316849,1718668,11/22/21 0:00,0.626684473,0.574272275
Illinois,16946956,74375,63958,8000109,7322256,1770955,11/23/21 0:00,0.627898812,0.574696651
Illinois,17009163,62207,63122,8013565,7327363,1813640,11/24/21 0:00,0.628954924,0.57509748
Illinois,17043134,33971,58088,8021047,7329859,1836743,11/25/21 0:00,0.629542158,0.575293382
Illinois,17064849,21715,50301,8025881,7332771,1850478,11/26/21 0:00,0.629921561,0.575521934
Illinois,17115366,50517,48676,8035333,7339273,1884131,11/27/21 0:00,0.630663413,0.576032252
Illinois,17150387,35021,48260,8040708,7347733,1904717,11/28/21 0:00,0.631085277,0.576696246
Illinois,17203331,52944,47250,8050338,7358606,1936588,11/29/21 0:00,0.6318411,0.577549627
Illinois,17272407,69076,46493,8060536,7373766,1979609,11/30/21 0:00,0.632641503,0.578739479
Illinois,17323119,50712,44851,8068572,7384060,2011538,12/1/21 0:00,0.633272219,0.579547417
Illinois,17422769,99650,54234,8081757,7404975,2075641,12/2/21 0:00,0.63430706,0.581188957
Illinois,17508472,85703,63375,8093811,7423504,2129659,12/3/21 0:00,0.635253134,0.58264323
Illinois,17585328,76856,67137,8103573,7444869,2174473,12/4/21 0:00,0.636019317,0.584320089
Illinois,17629930,44602,68506,8108836,7458904,2199252,12/5/21 0:00,0.63643239,0.585421644
Illinois,17691984,62054,69808,8117539,7472186,2238551,12/6/21 0:00,0.637115456,0.586464099
Illinois,17772823,80839,71488,8129003,7486273,2292475,12/7/21 0:00,0.638015223,0.587569735
Illinois,17849881,77058,75252,8140193,7499845,2343745,12/8/21 0:00,0.638893485,0.588634951
Illinois,17929986,80105,72460,8151867,7514078,2396839,12/9/21 0:00,0.639809734,0.589752046
Illinois,18010659,80673,71741,8163682,7527842,2450751,12/10/21 0:00,0.640737049,0.590832331
Illinois,18076647,65988,70188,8173548,7541766,2492024,12/11/21 0:00,0.641511395,0.591925174
Illinois,18102718,26071,67541,8177605,7547022,2508589,12/12/21 0:00,0.641829813,0.592337698
Illinois,18172406,69688,68632,8188089,7561514,2552463,12/13/21 0:00,0.642652664,0.593475121
Illinois,18243168,70762,67192,8198972,7573782,2599219,12/14/21 0:00,0.64350683,0.594437991
Illinois,18323946,80778,67724,8210396,7585928,2655354,12/15/21 0:00,0.644403457,0.595391286
Illinois,18396100,72154,66588,8221172,7595010,2706532,12/16/21 0:00,0.645249225,0.596104098
Illinois,18470583,74483,65703,8233143,7602612,2760231,12/17/21 0:00,0.646188785,0.596700751
Illinois,18530700,60117,64865,8242790,7610771,2801441,12/18/21 0:00,0.646945942,0.59734112
Illinois,18571522,40822,66972,8249725,7615970,2829386,12/19/21 0:00,0.647490244,0.59774917
Illinois,18627544,56022,65020,8259284,7622520,2868109,12/20/21 0:00,0.648240495,0.598263256
Illinois,18707756,80212,66370,8273324,7632632,2922178,12/21/21 0:00,0.649342442,0.599056909
Illinois,18788903,81147,66422,8287504,7642620,2977213,12/22/21 0:00,0.650455377,0.59984083
Illinois,18859415,70512,66188,8300262,7651320,3024499,12/23/21 0:00,0.651456705,0.60052366
Illinois,18902310,42895,61675,8308306,7656573,3053082,12/24/21 0:00,0.652088049,0.600935949
Illinois,18910699,8389,54286,8309785,7657763,3058619,12/25/21 0:00,0.65220413,0.601029348
Illinois,18921368,10669,49978,8311945,7659675,3065104,12/26/21 0:00,0.652373661,0.601179413
Illinois,18970129,48761,48941,8321329,7667678,3095664,12/27/21 0:00,0.653110176,0.601807539
Illinois,19041315,71186,47651,8335406,7677366,3141959,12/28/21 0:00,0.654215027,0.602567914
Illinois,19111237,69922,46048,8349921,7687060,3186449,12/29/21 0:00,0.655354256,0.60332876
Illinois,19182331,71094,46131,8364810,7696273,3232263,12/30/21 0:00,0.656522838,0.604051854
Illinois,19225703,43372,46199,8373676,7701539,3260751,12/31/21 0:00,0.657218697,0.604465163
Illinois,19239439,13736,46963,8376290,7703724,3269426,1/1/22 0:00,0.65742386,0.604636656
Illinois,19248056,8617,46670,8378194,7705117,3274669,1/2/22 0:00,0.657573298,0.604745987
Illinois,19298198,50142,46867,8390082,7713818,3303562,1/3/22 0:00,0.658506343,0.605428896
Illinois,19357763,59565,45207,8404800,7722598,3338922,1/4/22 0:00,0.659661504,0.606118006
Illinois,19416082,58319,43549,8419947,7730609,3373359,1/5/22 0:00,0.660850336,0.606746759
Illinois,19475683,59601,41907,8434585,7738681,3409502,1/6/22 0:00,0.661999218,0.607380301
Illinois,19538715,63032,44716,8449671,7747441,3447870,1/7/22 0:00,0.663183262,0.60806784
Illinois,19593125,54410,50527,8462328,7755350,3481102,1/8/22 0:00,0.664176663,0.608688588
Illinois,19625841,32716,53969,8468931,7760113,3502023,1/9/22 0:00,0.664694908,0.609062419
Illinois,19672258,46417,53437,8480333,7766707,3529916,1/10/22 0:00,0.665589809,0.609579957
Illinois,19728591,56333,52975,8494516,7775186,3562824,1/11/22 0:00,0.66670298,0.610245442
Illinois,19787111,58520,53004,8509304,7783890,3596877,1/12/22 0:00,0.667863635,0.610928587
Illinois,19841851,54740,52310,8522863,7792126,3629081,1/13/22 0:00,0.66892783,0.611575
Illinois,19897672,55821,51280,8536216,7799924,3662887,1/14/22 0:00,0.669975858,0.612187036
Illinois,19941901,44229,49825,8547645,7804510,3690457,1/15/22 0:00,0.670872877,0.612546974
Illinois,19969659,27758,49117,8554678,7807099,3708235,1/16/22 0:00,0.671424871,0.612750175
Illinois,19999921,30262,46809,8561451,7812116,3726221,1/17/22 0:00,0.671956459,0.613143941
Illinois,20055105,55184,46645,8574902,7822106,3757145,1/18/22 0:00,0.673012178,0.613928019
Illinois,20103984,48879,45268,8586754,7831108,3784316,1/19/22 0:00,0.673942397,0.614634552
Illinois,20150779,46795,44133,8597538,7840429,3810273,1/20/22 0:00,0.674788793,0.615366123
Illinois,20196764,45985,42727,8608072,7848953,3836444,1/21/22 0:00,0.675615568,0.61603514
Illinois,20237270,40506,42196,8617290,7854185,3861730,1/22/22 0:00,0.676339054,0.61644578
Illinois,20261243,23973,41655,8622850,7856666,3877247,1/23/22 0:00,0.676775438,0.616640505
Illinois,20290536,29293,41516,8629698,7862811,3893085,1/24/22 0:00,0.677312912,0.617122803
Illinois,20331942,41406,39548,8639090,7872237,3914963,1/25/22 0:00,0.678050055,0.617862614
Illinois,20369600,37658,37945,8647667,7881619,3934056,1/26/22 0:00,0.678723232,0.618598973
Illinois,20407097,37497,36617,8656346,7891078,3952690,1/27/22 0:00,0.679404415,0.619341375
Illinois,20447719,40622,35851,8665652,7901887,3972627,1/28/22 0:00,0.680134808,0.620189733
Illinois,20482308,34589,35005,8673133,7910442,3990581,1/29/22 0:00,0.680721964,0.620861183
Illinois,20503838,21530,34656,8677976,7914843,4002462,1/30/22 0:00,0.681102073,0.621206601
Illinois,20532211,28373,34525,8684828,7923021,4015378,1/31/22 0:00,0.681639861,0.621848462
Illinois,20564687,32476,33249,8692240,7932385,4030296,2/1/22 0:00,0.682221601,0.622583407
Illinois,20587061,22374,31066,8697155,7939422,4040189,2/2/22 0:00,0.682607361,0.623135715
Illinois,20606797,19736,28529,8701583,7946045,4048297,2/3/22 0:00,0.682954899,0.62365553
Illinois,20635925,29128,26887,8707758,7955594,4061037,2/4/22 0:00,0.683439551,0.624404995
Illinois,20662628,26703,25760,8713133,7964483,4072919,2/5/22 0:00,0.683861415,0.62510266
Illinois,20680233,17605,25199,8716686,7970044,4081032,2/6/22 0:00,0.684140277,0.625539122
Illinois,20702123,21890,24273,8721885,7976756,4090480,2/7/22 0:00,0.684548327,0.626065922
Illinois,20729153,27030,23495,8728035,7986054,4101354,2/8/22 0:00,0.685031018,0.626795688
Illinois,20757257,28104,24314,8734226,7995725,4112885,2/9/22 0:00,0.685516926,0.627554728
Illinois,20785425,28168,25518,8740242,8004866,4125242,2/10/22 0:00,0.6859891,0.628272172
Illinois,20811740,26315,25116,8745611,8013472,4136876,2/11/22 0:00,0.686410493,0.628947625
Illinois,20835303,23563,24668,8750395,8020982,4147551,2/12/22 0:00,0.686785971,0.629537057
Illinois,20848723,13420,24070,8753144,8025309,4153536,2/13/22 0:00,0.68700173,0.629876667
Illinois,20863836,15113,23102,8756302,8030565,4159725,2/14/22 0:00,0.68724959,0.630289191
Illinois,20883554,19718,22057,8760687,8037812,4167102,2/15/22 0:00,0.687593752,0.630857981
Illinois,20904402,20848,21021,8765996,8045370,4174394,2/16/22 0:00,0.688010436,0.63145118
Illinois,20925527,21125,20015,8772167,8053402,4180712,2/17/22 0:00,0.688494774,0.632081582
Illinois,20951345,25818,19944,8779280,8064469,4187754,2/18/22 0:00,0.689053047,0.632950189
Illinois,20967990,16645,18955,8782515,8070567,4194515,2/19/22 0:00,0.68930695,0.633428799
Illinois,20979107,11117,18626,8784611,8074403,4199343,2/20/22 0:00,0.689471458,0.633729872
Illinois,20993893,14786,18580,8787936,8079445,4205280,2/21/22 0:00,0.689732425,0.6341256
Illinois,21011348,17455,18256,8791702,8085546,4212255,2/22/22 0:00,0.690028004,0.634604445
Illinois,21026401,15053,17428,8795042,8090495,4218462,2/23/22 0:00,0.690290148,0.634992873
Illinois,21039489,13088,16280,8797893,8094709,4223889,2/24/22 0:00,0.690513912,0.635323615
Illinois,21054341,14852,14714,8800860,8099446,4230436,2/25/22 0:00,0.690746781,0.635695404
Illinois,21067149,12808,14166,8803286,8103713,4236019,2/26/22 0:00,0.690937189,0.636030305
Illinois,21075630,8481,13789,8804896,8106438,4239812,2/27/22 0:00,0.691063552,0.63624418
Illinois,21087820,12190,13418,8807472,8110504,4244925,2/28/22 0:00,0.691265733,0.636563305
Illinois,21102160,14340,12973,8810137,8116064,4250363,3/1/22 0:00,0.691474899,0.636999689
Illinois,21115261,13101,12694,8812985,8120288,4255511,3/2/22 0:00,0.691698427,0.637331215
Illinois,21127044,11783,12508,8815557,8124225,4260235,3/3/22 0:00,0.691900294,0.637640216
Illinois,21139160,12116,12117,8817993,8127868,4265736,3/4/22 0:00,0.692091487,0.637926141
Illinois,21149833,10673,11812,8820036,8131453,4270339,3/5/22 0:00,0.692251834,0.638207515
Illinois,21156211,6378,11512,8821255,8133489,4273203,3/6/22 0:00,0.692347509,0.638367313
Illinois,21164332,8121,10930,8822972,8136082,4276660,3/7/22 0:00,0.69248227,0.638570828
Illinois,21173806,9474,10235,8824906,8138904,4280823,3/8/22 0:00,0.692634062,0.638792316
Illinois,21183618,9812,9765,8827322,8141948,4284704,3/9/22 0:00,0.692823685,0.639031228
Illinois,21192614,8996,9367,8829147,8144610,4288752,3/10/22 0:00,0.692966923,0.639240159
Illinois,21201945,9331,8969,8831053,8147320,4293006,3/11/22 0:00,0.693116518,0.639452856
Illinois,21209730,7785,8557,8832576,8149793,4296471,3/12/22 0:00,0.693236052,0.639646953
Illinois,21214352,4622,8306,8833456,8151292,4298517,3/13/22 0:00,0.69330512,0.639764604
Illinois,21223900,9548,8510,8835626,8154293,4302542,3/14/22 0:00,0.693475435,0.640000141
Illinois,21233221,9321,8488,8837431,8156638,4307070,3/15/22 0:00,0.693617103,0.640184192
Illinois,21241204,7983,8227,8838990,8158927,4310678,3/16/22 0:00,0.693739463,0.640363847
Illinois,21249741,8537,8161,8840669,8161139,4314706,3/17/22 0:00,0.693871242,0.640537458
Illinois,21259034,9293,8156,8842507,8163411,4319283,3/18/22 0:00,0.694015499,0.640715779
Illinois,21266703,7669,8139,8843847,8165275,4323229,3/19/22 0:00,0.694120671,0.640862078
Illinois,21270945,4242,8085,8844595,8166400,4325256,3/20/22 0:00,0.694179379,0.640950375
Illinois,21277156,6211,7608,8845812,8168053,4328140,3/21/22 0:00,0.694274897,0.641080113
Illinois,21285349,8193,7447,8847441,8170069,4331957,3/22/22 0:00,0.694402751,0.641238341
Illinois,21294781,9432,7654,8849167,8172304,4336792,3/23/22 0:00,0.694538218,0.641413758
Illinois,21303729,8948,7713,8851053,8174321,4340993,3/24/22 0:00,0.694686243,0.641572065
Illinois,21311779,8050,7535,8852837,8176302,4344666,3/25/22 0:00,0.694826263,0.641727546
Illinois,21318242,6463,7363,8854037,8177937,4347729,3/26/22 0:00,0.694920446,0.641855871
Illinois,21321907,3665,7280,8854694,8178833,4349541,3/27/22 0:00,0.694972012,0.641926195
Illinois,21327841,5934,7241,8856028,8180347,4352121,3/28/22 0:00,0.695076712,0.642045023
Illinois,21335610,7769,7180,8857784,8182204,4355528,3/29/22 0:00,0.695214534,0.642190772
Illinois,21347633,12023,7550,8859495,8184032,4359162,3/30/22 0:00,0.695348824,0.642334245
Illinois,21367255,19622,9075,8861254,8186224,4362915,3/31/22 0:00,0.695486882,0.642506287
Illinois,21390094,22839,11188,8863615,8188484,4366731,4/1/22 0:00,0.695672188,0.642683666
Illinois,21410264,20170,13146,8864891,8190162,4370088,4/2/22 0:00,0.695772336,0.642815366
Illinois,21422081,11817,14311,8865581,8191104,4371856,4/3/22 0:00,0.695826492,0.6428893
Illinois,21440413,18332,16082,8867336,8193263,4374470,4/4/22 0:00,0.695964235,0.643058752
Illinois,21462747,22334,18162,8868820,8195107,4377761,4/5/22 0:00,0.696080709,0.64320348
Illinois,21483819,21072,19455,8870258,8197036,4380788,4/6/22 0:00,0.696193572,0.64335488
Illinois,21505739,21920,19783,8871560,8198792,4383978,4/7/22 0:00,0.696295761,0.643492702
Illinois,21528617,22878,19789,8872993,8200526,4387435,4/8/22 0:00,0.696408232,0.643628798
Illinois,21548535,19918,19753,8874974,8202712,4390241,4/9/22 0:00,0.696563714,0.643800369
Illinois,21559988,11453,19701,8875581,8203625,4391989,4/10/22 0:00,0.696611355,0.643872027
Illinois,21577052,17064,19520,8876689,8205033,4394666,4/11/22 0:00,0.696698318,0.643982535
Illinois,21600607,23555,19694,8878223,8206766,4397940,4/12/22 0:00,0.696818716,0.644118552
Illinois,21621935,21328,19731,8879580,8208417,4401120,4/13/22 0:00,0.696925221,0.644248133
Illinois,21643804,21869,19724,8881215,8210110,4404248,4/14/22 0:00,0.697053546,0.64438101
Illinois,21664127,20323,19359,8882672,8211778,4407286,4/15/22 0:00,0.697167901,0.644511925
Illinois,21678881,14754,18621,8883571,8212835,4409384,4/16/22 0:00,0.69723846,0.644594885
Illinois,21687178,8297,18170,8884102,8213458,4410684,4/17/22 0:00,0.697280136,0.644643782
Illinois,21703923,16745,18124,8885708,8215162,4413530,4/18/22 0:00,0.697406185,0.644777523
Illinois,21727857,23934,18179,8887291,8217151,4416839,4/19/22 0:00,0.697530429,0.644933632
Illinois,21747270,19413,17905,8888961,8218787,4419677,4/20/22 0:00,0.697661501,0.645062036
Illinois,21767015,19745,17602,8890293,8220455,4422588,4/21/22 0:00,0.697766045,0.645192951
Illinois,21788166,21151,17720,8891717,8222132,4425835,4/22/22 0:00,0.697877809,0.645324572
Illinois,21801185,13019,17472,8892634,8223247,4427844,4/23/22 0:00,0.697949781,0.645412084
Illinois,21808367,7182,17313,8893115,8223885,4429016,4/24/22 0:00,0.697987533,0.645462159
Illinois,21819337,10970,16488,8894106,8225044,4431011,4/25/22 0:00,0.698065313,0.645553124
Illinois,21840510,21173,16093,8895961,8227093,4434436,4/26/22 0:00,0.698210905,0.645713943
Illinois,21858154,17644,15841,8897556,8228704,4437393,4/27/22 0:00,0.698336091,0.645840384
Illinois,21876847,18693,15690,8898978,8230337,4440476,4/28/22 0:00,0.698447698,0.645968552
Illinois,21895587,18740,15346,8900739,8232284,4443749,4/29/22 0:00,0.698585913,0.646121365
Illinois,21902338,6751,14450,8901721,8233125,4445085,4/30/22 0:00,0.698662986,0.646187372
Illinois,21909400,7062,14433,8902272,8233774,4446563,5/1/22 0:00,0.698706232,0.646238309
Illinois,21923086,13686,14821,8903226,8234809,4448659,5/2/22 0:00,0.698781108,0.646319543
Illinois,21941410,18324,14414,8904770,8236576,4451978,5/3/22 0:00,0.698902291,0.646458228
Illinois,21957777,16367,14232,8906264,8238051,4454994,5/4/22 0:00,0.699019549,0.646573995
Illinois,21977152,19375,14329,8907744,8239670,4458421,5/5/22 0:00,0.699135709,0.646701065
Illinois,21993421,16269,13976,8908953,8241128,4461238,5/6/22 0:00,0.699230599,0.646815498
Illinois,22007108,13687,14967,8909825,8242232,4463657,5/7/22 0:00,0.699299039,0.646902146
Illinois,22014511,7403,15016,8910387,8242857,4465144,5/8/22 0:00,0.699343148,0.6469512
Illinois,22026579,12068,14785,8911454,8244036,4467280,5/9/22 0:00,0.699426893,0.647043736
Illinois,22043467,16888,14580,8912846,8245552,4470416,5/10/22 0:00,0.699536146,0.647162721
Illinois,22059048,15581,14467,8914181,8246942,4473179,5/11/22 0:00,0.699640925,0.647271817
Illinois,22076409,17361,14180,8915565,8248320,4476125,5/12/22 0:00,0.69974955,0.647379971
Illinois,22093830,17421,14344,8916885,8249704,4479163,5/13/22 0:00,0.699853152,0.647488596
Illinois,22106763,12933,14236,8917830,8250706,4481545,5/14/22 0:00,0.699927322,0.647567239
Illinois,22115159,8396,14378,8918423,8251304,4483064,5/15/22 0:00,0.699973864,0.647614174
Illinois,22127692,12533,14445,8919645,8252449,4485330,5/16/22 0:00,0.700069774,0.647704041
Illinois,22145339,17647,14553,8921206,8254024,4488557,5/17/22 0:00,0.700192291,0.647827657
Illinois,22161344,16005,14614,8922564,8255383,4491406,5/18/22 0:00,0.700298876,0.64793432
Illinois,22178655,17311,14607,8924115,8256758,4494340,5/19/22 0:00,0.700420608,0.648042238
Illinois,22196356,17701,14647,8925446,8258276,4497391,5/20/22 0:00,0.700525073,0.64816138
Illinois,22210844,14488,14869,8926417,8260262,4499921,5/21/22 0:00,0.700601283,0.648317254
Illinois,22221661,10817,15215,8927018,8260963,4503003,5/22/22 0:00,0.700648454,0.648372273
Illinois,22236501,14840,15544,8928074,8262166,4506474,5/23/22 0:00,0.700731335,0.648466692
Illinois,22255188,18687,15693,8929481,8263685,4510329,5/24/22 0:00,0.700841765,0.648585913
Illinois,22278183,22995,16691,8931115,8265441,4515234,5/25/22 0:00,0.700970012,0.648723735
Illinois,22295090,16907,16634,8932416,8266825,4518888,5/26/22 0:00,0.701072123,0.64883236
Illinois,22311397,16307,16434,8933658,8268175,4522661,5/27/22 0:00,0.701169603,0.648938316
Illinois,22323994,12597,16164,8934522,8269105,4525956,5/28/22 0:00,0.701237415,0.649011308
Illinois,22331315,7321,15665,8934999,8269634,4528097,5/29/22 0:00,0.701274853,0.649052828
Illinois,22335893,4578,14199,8935341,8269985,4529444,5/30/22 0:00,0.701301695,0.649080376
Illinois,22344864,8971,12811,8936058,8270815,4531555,5/31/22 0:00,0.70135797,0.64914552
Illinois,22360629,15765,11778,8937439,8272207,4535269,6/1/22 0:00,0.701466359,0.649254773
Illinois,22374685,14056,11371,8938633,8273367,4538784,6/2/22 0:00,0.701560072,0.649345817
Illinois,22389602,14917,11172,8939945,8274545,4542531,6/3/22 0:00,0.701663046,0.649438274
Illinois,22400154,10552,10880,8940796,8275393,4545485,6/4/22 0:00,0.701729838,0.64950483
Illinois,22406156,6002,10692,8941269,8275916,4547217,6/5/22 0:00,0.701766962,0.649545878
Illinois,22417116,10960,11603,8942206,8276898,4550179,6/6/22 0:00,0.701840503,0.649622952
Illinois,22431170,14054,12329,8943525,8278157,4553868,6/7/22 0:00,0.701944027,0.649721766
Illinois,22444453,13283,11975,8944760,8279366,4557101,6/8/22 0:00,0.702040957,0.649816656
Illinois,22458357,13904,11953,8946136,8280689,4560496,6/9/22 0:00,0.702148954,0.649920493
Illinois,22470691,12334,11584,8947185,8281744,4563698,6/10/22 0:00,0.702231287,0.650003296
Illinois,22479467,8776,11330,8948011,8282555,4566045,6/11/22 0:00,0.702296116,0.650066949
Illinois,22484406,4939,11179,8948474,8282967,4567408,6/12/22 0:00,0.702332455,0.650099285
Illinois,22493260,8854,10878,8949355,8283798,4569615,6/13/22 0:00,0.702401602,0.650164507
Illinois,22504496,11236,10475,8950480,8284918,4572529,6/14/22 0:00,0.702489899,0.650252412
Illinois,22514971,10475,10074,8951559,8285980,4575383,6/15/22 0:00,0.702574586,0.650335764
Illinois,22526480,11509,9732,8952751,8286956,4578413,6/16/22 0:00,0.702668141,0.650412367
Illinois,22537398,10918,9530,8953797,8287989,4581499,6/17/22 0:00,0.702750238,0.650493443
Illinois,22544829,7431,9337,8954514,8288718,4583689,6/18/22 0:00,0.702806512,0.65055066
Illinois,22548893,4064,9212,8954884,8289114,4584943,6/19/22 0:00,0.702835552,0.65058174
Illinois,22555779,6886,8931,8955625,8289729,4586820,6/20/22 0:00,0.702893711,0.650630009
Illinois,22567397,11618,8986,8956971,8290772,4590037,6/21/22 0:00,0.702999353,0.650711871
Illinois,22578591,11194,9089,8958712,8291894,4592913,6/22/22 0:00,0.703135998,0.650799932
Illinois,22590618,12027,9163,8960938,8292977,4595891,6/23/22 0:00,0.703310708,0.650884933
Illinois,22602529,11911,9304,8963221,8293994,4598754,6/24/22 0:00,0.703489893,0.650964753
Illinois,22610422,7893,9370,8965010,8294695,4600697,6/25/22 0:00,0.703630304,0.651019772
Illinois,22616700,6278,9687,8967421,8295072,4601992,6/26/22 0:00,0.703819535,0.651049362
Illinois,22626497,9797,10103,8970336,8295832,4604185,6/27/22 0:00,0.704048322,0.651109011
Illinois,22639373,12876,10282,8973745,8296952,4607223,6/28/22 0:00,0.704315882,0.651196916
Illinois,22652023,12650,10490,8976762,8298122,4610477,6/29/22 0:00,0.704552675,0.651288745
Illinois,22665124,13101,10644,8979667,8299211,4613635,6/30/22 0:00,0.704780678,0.651374216
Illinois,22676266,11142,10534,8982317,8300162,4616307,7/1/22 0:00,0.704988667,0.651448857
Illinois,22683608,7342,10455,8984090,8300758,4618189,7/2/22 0:00,0.705127823,0.651495635
Illinois,22687257,3649,10080,8984972,8301067,4619128,7/3/22 0:00,0.705197048,0.651519887
Illinois,22689253,1996,8965,8985382,8301258,4619684,7/4/22 0:00,0.705229227,0.651534878
Illinois,22695562,6309,8027,8987032,8301870,4621083,7/5/22 0:00,0.705358729,0.651582911
Illinois,22707138,11576,7874,8989722,8303049,4624020,7/6/22 0:00,0.705569858,0.651675447
Illinois,22718104,10966,7569,8992304,8304061,4626801,7/7/22 0:00,0.705772509,0.651754875
Illinois,22729626,11522,7623,8995016,8305062,4629717,7/8/22 0:00,0.705985364,0.65183344
Illinois,22738472,8846,7838,8997023,8305783,4631921,7/9/22 0:00,0.706142886,0.651890028
Illinois,22742926,4454,7953,8997834,8306166,4632965,7/10/22 0:00,0.706206538,0.651920088
Illinois,22752042,9116,8970,8999808,8306941,4635176,7/11/22 0:00,0.70636147,0.651980915
Illinois,22765241,13199,9954,9002350,8308124,4638260,7/12/22 0:00,0.706560982,0.652073765
Illinois,22779175,13934,10291,9004865,8309185,4641465,7/13/22 0:00,0.706758375,0.652157038
Illinois,22795382,16207,11040,9007295,8310350,4645035,7/14/22 0:00,0.706949097,0.652248475
Illinois,22811337,15955,11673,9009822,8311463,4648344,7/15/22 0:00,0.707147432,0.65233583
Illinois,22823147,11810,12096,9011314,8312211,4650826,7/16/22 0:00,0.707264533,0.652394538
Illinois,22830832,7685,12558,9012317,8312654,4652339,7/17/22 0:00,0.707343255,0.652429307
Illinois,22844178,13346,13162,9014348,8313517,4654986,7/18/22 0:00,0.707502661,0.652497041
Illinois,22860754,16576,13645,9016632,8314668,4658496,7/19/22 0:00,0.707681923,0.652587379
Illinois,22875253,14499,13725,9018932,8315715,4661460,7/20/22 0:00,0.707862442,0.652669554
Illinois,22890211,14958,13547,9021135,8316770,4664443,7/21/22 0:00,0.708035347,0.652752357
Illinois,22906056,15845,13531,9023365,8317826,4667549,7/22/22 0:00,0.708210371,0.652835238
Illinois,22917465,11409,13474,9024831,8318586,4669768,7/23/22 0:00,0.708325432,0.652894888
Illinois,22924179,6714,13335,9025530,8318976,4671000,7/24/22 0:00,0.708380294,0.652925498
Illinois,22935490,11311,13045,9027182,8319725,4673351,7/25/22 0:00,0.708509954,0.652984284
Illinois,22950656,15166,12843,9029480,8320703,4676590,7/26/22 0:00,0.708690315,0.653061043
Illinois,22965066,14410,12830,9031889,8321773,4679722,7/27/22 0:00,0.708879389,0.653145024
Illinois,22977986,12920,12539,9033901,8322917,4682592,7/28/22 0:00,0.709037303,0.653234812
Illinois,22991026,13040,12139,9036165,8323957,4685502,7/29/22 0:00,0.709214996,0.653316438
Illinois,22999668,8642,11743,9037401,8324618,4687466,7/30/22 0:00,0.709312005,0.653368317
Illinois,23004106,4438,11418,9038103,8324947,4688521,7/31/22 0:00,0.709367102,0.653394139
Illinois,23013324,9218,11119,9039847,8325736,4690819,8/1/22 0:00,0.709503982,0.653456065
Illinois,23024716,11392,10580,9041900,8326759,4693710,8/2/22 0:00,0.709665115,0.653536356
Illinois,23035762,11046,10099,9044219,8327779,4696682,8/3/22 0:00,0.709847124,0.653616412
Illinois,23046736,10974,9821,9046260,8328740,4699728,8/4/22 0:00,0.710007315,0.653691838
Illinois,23057699,10963,9525,9048243,8329681,4702844,8/5/22 0:00,0.710162953,0.653765693
Illinois,23065264,7565,9371,9049530,8330259,4704792,8/6/22 0:00,0.710263965,0.653811058
Illinois,23069857,4593,9393,9050308,8330667,4705982,8/7/22 0:00,0.710325027,0.653843081
Illinois,23078817,8960,9356,9051822,8331502,4708827,8/8/22 0:00,0.710443856,0.653908617
Illinois,23090472,11655,9394,9053911,8332672,4712189,8/9/22 0:00,0.710607813,0.654000446
Illinois,23100964,10492,9315,9055971,8333742,4715245,8/10/22 0:00,0.710769495,0.654084426
Illinois,23110601,9637,9124,9057830,8334750,4717961,8/11/22 0:00,0.710915401,0.65416354
Illinois,23120653,10052,8993,9059751,8335658,4720912,8/12/22 0:00,0.711066173,0.654234806
Illinois,23127311,6658,8864,9061152,8336294,4722830,8/13/22 0:00,0.711176133,0.654284723
Illinois,23130905,3594,8721,9061822,8336607,4723812,8/14/22 0:00,0.711228718,0.654309289
Illinois,23138711,7806,8556,9063624,8337436,4726156,8/15/22 0:00,0.711370151,0.654374354
Illinois,23148659,9948,8312,9065801,8338530,4729050,8/16/22 0:00,0.711541015,0.654460218
Illinois,23157840,9181,8125,9067891,8339497,4731599,8/17/22 0:00,0.711705052,0.654536115
Illinois,23166764,8924,8023,9069836,8340487,4733939,8/18/22 0:00,0.711857708,0.654613816
Illinois,23175468,8704,7831,9071790,8341404,4736163,8/19/22 0:00,0.71201107,0.654685788
Illinois,23181237,5769,7704,9073234,8341980,4737737,8/20/22 0:00,0.712124404,0.654730996
Illinois,23184132,2895,7604,9073923,8342275,4738559,8/21/22 0:00,0.712178481,0.65475415
Illinois,23190343,6211,7376,9075428,8342946,4740030,8/22/22 0:00,0.712296603,0.654806814
Illinois,23198641,8298,7140,9077240,8343787,4741977,8/23/22 0:00,0.71243882,0.654872821
Illinois,23206696,8055,6979,9079027,8344698,4743943,8/24/22 0:00,0.712579075,0.654944322
Illinois,23213858,7162,6728,9080825,8345471,4745529,8/25/22 0:00,0.712720193,0.655004992